listing_id,mrt_station_nearest_km,mrt_station_count_within_1km,convenience_store_nearest_km,convenience_store_count_within_1km,supermarket_nearest_km,supermarket_count_within_1km,mall_nearest_km,mall_count_within_1km,attraction_nearest_km,attraction_count_within_1km
4499317,2.515,0,0.092,48,0.129,17,0.142,29,0.182,7
4541183,3.547,0,0.007,42,0.31,12,0.302,10,0.828,3
4973227,3.547,0,0.007,42,0.31,12,0.302,10,0.828,3
5052014,2.346,0,0.139,21,0.259,7,0.263,5,0.685,2
5233415,2.389,0,0.093,24,0.267,7,0.35,5,0.533,3
5446857,2.392,0,0.1,25,0.268,7,0.354,5,0.528,3
5448209,2.282,0,0.143,20,0.334,6,0.336,5,0.706,3
8038199,2.556,0,0.087,48,0.101,17,0.149,29,0.138,7
13317120,2.567,0,0.082,3,1.21,0,0.795,2,0.707,2
13396802,2.786,0,0.167,2,1.393,0,0.61,2,0.563,2
14226426,3.758,0,0.066,46,0.502,12,0.438,10,0.676,3
14226658,3.691,0,0.127,43,0.444,7,0.293,7,0.682,3
14293554,3.217,0,0.634,2,0.931,1,1.225,0,1.101,0
15792137,3.254,0,0.009,48,0.299,13,0.134,8,0.179,3
15792808,3.254,0,0.009,48,0.299,13,0.134,8,0.179,3
16213115,1.201,0,0.073,38,0.174,19,0.393,8,0.818,1
16742820,2.569,0,0.159,20,0.037,11,0.398,22,0.856,1
16743909,2.502,0,0.22,21,0.057,11,0.449,23,0.915,1
16744167,2.411,0,0.294,17,0.193,13,0.285,31,1.121,0
16745292,2.361,0,0.319,19,0.219,12,0.415,26,1.104,0
16750061,2.64,0,0.082,19,0.189,13,0.206,26,0.878,1
16846533,2.39,0,0.287,21,0.174,12,0.421,26,1.062,0
16848828,2.58,0,0.113,20,0.05,11,0.344,22,0.866,1
17927897,3.557,0,0.029,43,0.372,12,0.255,9,0.761,3
17928170,3.557,0,0.029,43,0.372,12,0.255,9,0.761,3
17928273,3.557,0,0.029,43,0.372,12,0.255,9,0.761,3
18199481,3.557,0,0.029,43,0.372,12,0.255,9,0.761,3
18202395,3.447,0,0.033,46,0.201,12,0.225,9,0.375,3
18674998,2.344,0,0.335,19,0.229,12,0.428,27,1.117,0
18675202,2.623,0,0.09,19,0.179,13,0.219,26,0.891,1
18858584,2.608,0,0.118,19,0.195,13,0.216,26,0.918,1
19534648,3.824,0,0.205,38,0.427,7,0.144,6,0.679,2
19535251,3.796,0,0.181,40,0.428,7,0.174,6,0.707,3
19595827,2.504,0,0.127,16,0.205,10,0.024,33,1.595,0
20084815,2.4,0,0.037,14,0.097,10,0.078,33,1.661,0
20806898,3.093,0,0.096,18,0.228,9,0.094,25,0.795,1
21015873,2.564,0,0.094,55,0.231,20,0.181,31,0.341,8
21015876,2.564,0,0.094,55,0.231,20,0.181,31,0.341,8
21283595,2.429,0,0.278,18,0.207,14,0.314,30,1.084,0
21415749,1.704,0,0.01,54,0.427,15,0.22,21,0.126,10
21416331,1.676,0,0.049,47,0.495,15,0.167,19,0.099,9
21416445,1.878,0,0.082,54,0.281,19,0.06,24,0.056,8
21420790,3.397,0,0.079,48,0.265,12,0.247,6,0.586,3
21428446,3.423,0,0.069,47,0.272,12,0.282,6,0.612,3
21462227,1.878,0,0.082,54,0.281,19,0.06,24,0.056,8
21605333,3.613,0,0.022,44,0.438,13,0.415,10,0.708,3
21670282,2.509,0,0.13,16,0.191,10,0.021,33,1.605,0
21854678,1.902,0,0.909,1,0.91,1,0.975,1,2.02,0
21854687,1.902,0,0.909,1,0.91,1,0.975,1,2.02,0
21854697,1.902,0,0.909,1,0.91,1,0.975,1,2.02,0
22561172,2.471,0,0.231,22,0.072,11,0.447,23,0.953,1
22588306,2.712,0,0.189,2,1.122,0,0.896,1,0.85,2
22594189,2.599,0,0.099,19,0.065,12,0.334,22,0.849,1
22798533,2.193,0,0.208,17,0.23,14,0.204,34,1.675,0
22890318,2.559,0,0.096,3,1.165,0,0.827,2,0.753,2
22912035,2.955,0,0.068,16,0.114,10,0.065,26,0.899,1
22912163,3.126,0,0.136,17,0.261,9,0.128,25,0.751,1
22971370,2.839,0,0.191,2,1.338,0,0.691,1,0.666,2
22990388,3.062,0,0.065,18,0.198,10,0.069,26,0.82,1
22990457,3.035,0,0.102,20,0.255,11,0.101,25,0.624,1
23045739,2.564,0,0.094,55,0.231,20,0.181,31,0.341,8
23063409,2.548,0,0.09,56,0.209,20,0.158,31,0.326,8
23094299,2.261,0,0.128,17,0.162,14,0.13,33,1.68,0
23315012,3.549,0,0.008,42,0.313,12,0.303,10,0.829,3
23861900,2.134,0,0.178,6,1.049,0,1.377,0,1.344,0
24161078,2.772,0,0.136,2,1.354,0,0.65,2,0.603,2
24447655,2.563,0,0.09,3,1.22,0,0.787,2,0.697,2
24606096,2.68,0,0.034,3,1.265,0,0.734,2,0.669,2
24682695,2.412,0,0.287,17,0.187,13,0.278,31,1.125,0
24855606,2.694,0,0.131,2,1.159,0,0.849,2,0.797,2
25324517,2.69,0,0.199,2,1.096,0,0.919,1,0.87,2
25953564,1.578,0,0.103,53,0.541,19,0.27,22,0.217,9
28536238,3.421,0,0.056,45,0.39,13,0.132,8,0.63,2
28649449,2.564,0,0.089,3,1.221,0,0.786,2,0.696,2
28998042,1.695,0,0.023,55,0.43,17,0.236,21,0.122,9
28998072,1.773,0,0.041,51,0.401,17,0.138,21,0.031,9
28998095,1.505,0,0.139,37,0.647,16,0.15,15,0.11,8
28998145,1.566,0,0.076,43,0.597,15,0.12,15,0.122,8
28998161,1.642,0,0.053,53,0.487,17,0.239,20,0.172,9
28998181,1.542,0,0.099,39,0.621,15,0.121,16,0.105,8
28998191,1.714,0,0.026,52,0.424,16,0.204,21,0.11,10
29525240,3.084,0,0.051,51,0.145,12,0.334,6,0.348,3
29525299,3.031,0,0.086,49,0.187,11,0.373,7,0.19,3
29525922,3.108,0,0.12,48,0.257,12,0.318,7,0.213,3
29525951,3.001,0,0.095,52,0.208,13,0.429,7,0.316,4
29526045,3.024,0,0.07,48,0.187,11,0.373,7,0.171,3
29546144,1.939,0,0.108,41,0.279,20,0.247,10,0.613,2
29547507,1.931,0,0.1,41,0.271,20,0.243,10,0.619,2
29548114,1.829,0,0.035,43,0.173,20,0.198,9,0.686,2
29548473,1.909,0,0.082,42,0.249,20,0.228,10,0.628,2
29552115,3.261,0,0.016,48,0.296,13,0.127,8,0.186,3
29552643,3.261,0,0.016,48,0.296,13,0.127,8,0.186,3
29579499,3.261,0,0.016,48,0.296,13,0.127,8,0.186,3
29580481,3.261,0,0.016,48,0.296,13,0.127,8,0.186,3
29581373,3.261,0,0.016,48,0.296,13,0.127,8,0.186,3
30385249,3.021,0,0.098,52,0.207,12,0.412,7,0.296,4
30385261,3.021,0,0.098,52,0.207,12,0.412,7,0.296,4
30385269,2.908,0,0.121,53,0.19,12,0.508,3,0.361,4
30385291,2.904,0,0.23,51,0.103,11,0.549,7,0.327,4
30385453,3.021,0,0.098,52,0.207,12,0.412,7,0.296,4
31002918,1.812,0,0.033,51,0.384,17,0.104,21,0.039,9
31003554,1.881,0,0.891,2,0.892,2,0.961,2,1.991,0
31424549,3.268,0,0.022,47,0.298,13,0.12,9,0.191,3
31424940,3.097,0,0.071,51,0.201,12,0.321,7,0.289,3
32526213,2.651,0,0.094,19,0.209,14,0.186,26,0.879,1
32623479,2.601,0,0.053,51,0.28,19,0.089,28,0.442,9
33596983,2.629,0,0.316,12,0.168,9,0.096,29,1.592,0
33982757,2.957,0,0.16,48,0.106,11,0.457,7,0.238,4
34071208,3.066,0,0.041,53,0.21,12,0.351,7,0.309,4
34071596,3.177,0,0.016,47,0.321,13,0.21,8,0.121,3
34071837,3.105,0,0.046,47,0.298,12,0.281,8,0.04,3
34072244,3.129,0,0.044,48,0.274,12,0.259,9,0.04,3
34073545,3.171,0,0.027,47,0.311,13,0.219,8,0.132,3
36013750,2.308,0,0.188,17,0.226,12,0.165,34,1.547,0
36016056,2.298,0,0.063,16,0.066,12,0.035,33,1.631,0
36156090,2.895,0,0.227,19,0.355,12,0.266,24,0.59,1
36156663,2.899,0,0.194,18,0.307,11,0.219,25,0.618,1
36333873,2.848,0,0.07,32,0.036,12,0.377,6,0.523,2
37916346,2.304,0,0.144,21,0.305,7,0.308,5,0.705,3
37999599,2.249,0,0.206,18,0.347,6,0.357,5,0.768,3
38026889,2.567,0,0.053,53,0.292,19,0.125,28,0.406,9
38134989,2.249,0,0.206,18,0.347,6,0.357,5,0.768,3
38136195,2.542,0,0.089,57,0.099,19,0.048,30,0.232,8
38307308,3.52,0,0.423,6,0.611,5,0.596,2,1.462,0
38388737,1.458,0,0.141,56,0.333,23,0.43,16,0.376,8
38837741,2.863,0,0.435,3,0.666,3,0.858,4,0.937,2
38914093,1.661,0,0.157,64,0.392,23,0.459,22,0.261,9
38915453,2.681,0,0.47,7,0.712,5,0.708,6,0.849,8
38916143,1.693,0,0.1,62,0.44,23,0.395,25,0.14,9
38939902,1.609,0,0.142,61,0.369,24,0.42,19,0.303,9
38986386,1.695,0,0.091,62,0.437,23,0.38,26,0.127,9
38986709,1.643,0,0.177,63,0.413,23,0.469,22,0.251,9
38987390,1.609,0,0.045,56,0.508,21,0.351,22,0.17,8
39014250,1.62,0,0.174,60,0.404,23,0.456,20,0.268,9
39014610,1.452,0,0.127,52,0.395,21,0.449,18,0.343,8
39338786,2.328,0,0.092,22,0.286,7,0.302,5,0.655,3
39401038,2.771,0,0.25,33,0.219,11,0.394,6,0.348,3
39589304,1.472,0,0.156,57,0.349,23,0.439,16,0.36,9
39689162,2.302,0,0.136,23,0.343,8,0.407,5,0.614,3
40185785,1.573,0,0.554,3,0.123,8,0.109,2,3.332,0
40456301,0.217,1,0.214,14,0.144,10,0.781,4,1.591,0
40690201,2.229,0,0.175,18,0.385,6,0.402,4,0.729,3
40736423,2.389,0,0.051,56,0.113,20,0.075,32,0.241,10
40736566,2.54,0,0.092,57,0.123,19,0.072,30,0.253,8
40875632,2.678,0,0.102,49,0.27,21,0.214,30,0.334,8
40930074,2.718,0,0.127,46,0.289,21,0.207,29,0.335,8
40974363,2.733,0,0.179,1,1.365,0,0.582,2,0.513,2
40974569,2.721,0,0.154,3,1.378,0,0.607,2,0.538,2
40975409,2.536,0,0.154,3,1.277,0,0.74,2,0.643,2
40975518,2.724,0,0.196,2,1.34,0,0.569,2,0.493,2
40975603,2.698,0,0.146,3,1.366,0,0.619,2,0.543,2
40975736,2.841,0,0.193,2,1.361,0,0.664,1,0.639,2
41032819,2.701,0,0.07,54,0.216,19,0.188,30,0.255,8
41033189,2.536,0,0.077,54,0.261,19,0.136,28,0.376,9
41070234,2.695,0,0.067,53,0.217,19,0.187,30,0.261,8
41090834,2.531,0,0.138,3,1.245,0,0.751,2,0.674,2
41090879,2.703,0,0.187,2,1.331,0,0.584,2,0.503,2
41091240,2.687,0,0.168,2,1.336,0,0.605,2,0.523,2
41091895,2.692,0,0.172,2,1.337,0,0.6,2,0.519,2
41116039,2.545,0,0.104,3,1.178,0,0.804,2,0.739,2
41116137,2.633,0,0.126,3,1.123,0,0.877,2,0.814,2
41116342,2.641,0,0.096,3,1.152,0,0.848,2,0.783,2
41117291,2.815,0,0.171,2,1.363,0,0.651,1,0.617,2
41158163,2.267,0,0.23,17,0.244,12,0.197,34,1.546,0
41439350,1.668,0,0.039,47,0.505,15,0.157,19,0.106,9
41439736,2.479,0,0.1,4,1.109,0,1.312,0,1.741,0
41460941,2.379,0,0.15,6,1.089,0,1.354,0,1.558,0
41476885,2.542,0,0.16,4,1.177,0,1.378,0,1.715,0
41753013,2.671,0,0.043,53,0.199,20,0.166,30,0.255,8
41889066,2.734,0,0.116,2,1.35,0,0.649,2,0.59,2
42079535,2.305,0,0.04,58,0.246,19,0.117,30,0.335,8
42079889,2.254,0,0.228,45,0.229,14,0.126,24,0.481,7
42337015,2.532,0,0.119,18,0.041,13,0.12,32,1.113,0
42337552,2.699,0,0.028,18,0.172,12,0.097,25,0.904,1
42337799,2.549,0,0.128,19,0.02,13,0.118,32,1.09,0
42338112,2.516,0,0.133,20,0.054,13,0.13,32,1.12,0
42555446,2.533,0,0.144,54,0.164,15,0.162,20,0.416,8
42555518,2.66,0,0.134,50,0.31,13,0.311,18,0.469,4
42885911,1.826,0,0.062,66,0.223,22,0.342,20,0.366,8
43145924,2.721,0,0.466,6,0.752,5,0.749,5,0.856,7
43313813,3.395,0,0.031,46,0.315,13,0.176,7,0.591,3
44420536,3.25,0,0.01,48,0.304,13,0.137,8,0.174,3
45777993,2.432,0,0.274,21,0.114,11,0.486,23,0.986,1
45871999,2.132,0,0.262,16,0.271,14,0.251,33,1.683,0
45902566,2.946,0,0.029,19,0.169,11,0.079,25,0.706,1
45960413,3.001,0,0.079,19,0.233,11,0.095,26,0.642,1
45961316,2.994,0,0.065,18,0.219,11,0.083,26,0.657,1
45961358,2.987,0,0.086,19,0.238,11,0.112,26,0.637,1
45962405,3.165,0,0.23,25,0.225,11,0.234,26,0.502,1
45962495,2.851,0,0.191,19,0.309,11,0.276,23,0.617,1
45962749,3.035,0,0.098,20,0.251,11,0.095,25,0.63,1
45962895,2.897,0,0.237,20,0.355,12,0.294,24,0.573,1
45963002,3.11,0,0.27,24,0.31,12,0.283,25,0.401,1
46057282,1.578,0,0.6,3,0.157,7,0.142,1,3.369,0
46057773,1.569,0,0.526,4,0.121,7,0.11,2,3.313,0
46057791,1.774,0,0.546,4,0.09,9,0.098,1,3.161,0
46073890,1.679,0,0.513,4,0.119,8,0.127,2,3.162,0
46075495,1.539,0,0.518,4,0.152,7,0.14,2,3.352,0
46108799,1.752,0,0.474,5,0.107,8,0.121,1,3.115,0
46144841,2.118,0,0.099,57,0.268,13,0.214,26,0.303,8
46321781,1.789,0,0.791,1,0.793,1,0.853,1,2.077,0
46473348,2.7,0,0.018,28,0.185,10,0.213,8,0.603,3
46474181,2.881,0,0.006,36,0.045,14,0.395,10,0.592,2
46475439,2.859,0,0.217,36,0.176,12,0.453,7,0.373,3
46475535,2.623,0,0.077,24,0.117,11,0.159,6,0.562,3
46475821,2.653,0,0.051,26,0.144,11,0.184,6,0.559,3
46475943,2.634,0,0.054,26,0.119,12,0.153,6,0.595,3
46476119,2.764,0,0.234,31,0.21,11,0.379,6,0.363,3
46476300,2.857,0,0.033,35,0.031,13,0.376,8,0.565,2
46476407,2.619,0,0.167,23,0.184,11,0.232,4,0.459,3
46590239,2.14,0,0.823,3,0.41,3,0.598,1,2.501,0
46590765,2.072,0,0.898,3,0.245,3,0.478,1,2.432,0
46591065,1.892,0,0.643,6,0.366,4,0.411,1,2.328,0
46605955,1.918,0,0.68,5,0.341,4,0.414,1,2.344,0
46606151,2.033,0,0.67,3,0.501,3,0.592,1,2.336,0
46606472,2.142,0,0.824,3,0.41,3,0.599,1,2.502,0
47945468,2.827,0,0.076,44,0.155,11,0.368,6,0.068,3
47945578,2.966,0,0.208,40,0.159,11,0.142,8,0.276,2
47945703,2.785,0,0.073,38,0.082,11,0.164,7,0.276,2
47945986,2.827,0,0.057,43,0.133,11,0.345,6,0.078,3
48019222,3.046,0,0.05,48,0.259,12,0.339,7,0.074,3
48019325,3.245,0,0.002,48,0.296,13,0.143,8,0.175,3
48019417,3.2,0,0.073,48,0.263,12,0.205,7,0.181,3
48019515,3.145,0,0.091,47,0.172,12,0.287,9,0.097,3
48033280,2.038,0,0.015,62,0.14,22,0.267,20,0.211,7
48033351,1.807,0,0.042,66,0.24,23,0.325,19,0.384,8
48033436,1.887,0,0.123,69,0.134,23,0.357,24,0.338,8
48034619,1.877,0,0.667,5,0.323,4,0.371,1,2.299,0
48127824,2.061,0,0.906,1,0.22,3,0.461,1,2.414,0
48153394,1.775,0,0.774,1,0.776,1,0.828,1,2.063,0
48176330,1.776,0,0.798,2,0.798,2,0.871,2,1.922,0
48191140,1.799,0,0.799,1,0.801,1,0.856,1,2.098,0
48286216,2.663,0,0.079,16,0.186,10,0.058,31,1.146,0
48531484,2.562,0,0.045,52,0.282,19,0.148,29,0.401,9
48613065,3.211,0,0.084,48,0.24,12,0.206,7,0.204,3
48743492,2.948,0,0.183,51,0.098,11,0.473,7,0.258,4
49048346,2.981,0,0.18,43,0.178,12,0.245,8,0.183,3
49048569,2.931,0,0.146,38,0.1,11,0.08,8,0.318,2
49863259,2.51,0,0.11,49,0.148,17,0.124,29,0.192,7
49936029,3.043,0,0.032,52,0.168,12,0.373,6,0.359,4
49951302,1.556,0,0.089,36,0.629,14,0.076,14,0.081,8
50220613,2.33,0,0.35,20,0.216,11,0.492,25,1.104,0
50476069,2.765,0,0.119,2,1.282,0,0.729,1,0.687,2
50707898,2.585,0,0.033,50,0.308,19,0.12,28,0.425,9
50708702,2.497,0,0.129,58,0.144,19,0.096,31,0.285,8
50737006,2.669,0,0.061,52,0.226,20,0.189,30,0.288,8
50822490,2.544,0,0.079,57,0.089,19,0.038,30,0.223,8
50822918,2.685,0,0.063,52,0.221,20,0.187,30,0.272,8
50823263,2.621,0,0.033,54,0.129,20,0.094,30,0.213,8
50823476,2.459,0,0.109,55,0.18,20,0.143,32,0.307,9
50823783,2.683,0,0.05,54,0.196,20,0.167,30,0.243,8
51075717,3.256,0,0.025,48,0.292,13,0.129,9,0.173,3
51076382,1.786,0,0.021,63,0.198,25,0.277,19,0.41,8
51131949,2.917,0,0.163,38,0.132,11,0.106,7,0.284,2
51660574,3.562,0,0.017,43,0.327,12,0.304,10,0.823,3
51660773,3.562,0,0.017,43,0.327,12,0.304,10,0.823,3
51661055,3.562,0,0.017,43,0.327,12,0.304,10,0.823,3
51661224,3.562,0,0.017,43,0.327,12,0.304,10,0.823,3
51931255,3.562,0,0.017,43,0.327,12,0.304,10,0.823,3
51931450,3.562,0,0.017,43,0.327,12,0.304,10,0.823,3
51931632,3.562,0,0.017,43,0.327,12,0.304,10,0.823,3
51946794,3.562,0,0.017,43,0.327,12,0.304,10,0.823,3
51946940,3.562,0,0.017,43,0.327,12,0.304,10,0.823,3
51947045,3.562,0,0.017,43,0.327,12,0.304,10,0.823,3
52062009,3.521,0,0.106,40,0.297,13,0.202,8,0.753,4
52062197,3.523,0,0.026,44,0.395,12,0.279,9,0.714,3
52357276,1.762,0,0.069,54,0.368,18,0.174,22,0.075,8
52357563,1.762,0,0.069,54,0.368,18,0.174,22,0.075,8
52357696,1.762,0,0.069,54,0.368,18,0.174,22,0.075,8
52357956,1.762,0,0.069,54,0.368,18,0.174,22,0.075,8
52575543,1.762,0,0.069,54,0.368,18,0.174,22,0.075,8
52575637,1.762,0,0.069,54,0.368,18,0.174,22,0.075,8
52663333,2.268,0,0.089,29,0.285,15,0.566,3,0.167,6
52664352,2.334,0,0.112,32,0.274,14,0.556,5,0.202,6
52681365,2.82,0,0.043,48,0.224,20,0.066,25,0.379,5
52929689,3.293,0,0.156,26,0.177,12,0.202,8,0.221,7
53038612,2.635,0,0.036,49,0.321,20,0.143,28,0.406,9
53070791,2.751,0,0.087,17,0.25,10,0.167,24,0.773,1
53073961,2.614,0,0.336,25,0.29,10,0.563,6,0.661,5
53119442,2.763,0,0.357,23,0.426,11,0.432,7,0.62,6
53122920,2.763,0,0.357,23,0.426,11,0.432,7,0.62,6
53138620,2.955,0,0.102,16,0.141,11,0.094,27,0.936,1
53166174,2.865,0,0.259,24,0.315,12,0.332,7,0.534,7
53174768,2.763,0,0.357,23,0.426,11,0.432,7,0.62,6
53175628,2.633,0,0.361,25,0.314,10,0.551,6,0.659,5
53175850,2.643,0,0.358,24,0.301,10,0.532,6,0.686,5
53193333,2.763,0,0.357,23,0.426,11,0.432,7,0.62,6
53196067,2.763,0,0.357,23,0.426,11,0.432,7,0.62,6
53196481,2.743,0,0.289,26,0.431,13,0.451,7,0.52,6
53222711,2.771,0,0.387,21,0.378,10,0.399,6,0.718,5
53260515,2.838,0,0.236,24,0.336,12,0.356,7,0.502,7
53260824,2.763,0,0.357,23,0.426,11,0.432,7,0.62,6
53270162,2.763,0,0.357,23,0.426,11,0.432,7,0.62,6
53281701,2.763,0,0.357,23,0.426,11,0.432,7,0.62,6
53301824,2.763,0,0.357,23,0.426,11,0.432,7,0.62,6
53355259,2.763,0,0.357,23,0.426,11,0.432,7,0.62,6
53355991,2.763,0,0.357,23,0.426,11,0.432,7,0.62,6
53374606,2.763,0,0.357,23,0.426,11,0.432,7,0.62,6
53375485,2.763,0,0.357,23,0.425,11,0.432,7,0.62,6
53388036,2.763,0,0.357,23,0.426,11,0.432,7,0.62,6
53465105,2.763,0,0.357,23,0.426,11,0.432,7,0.62,6
53465265,2.763,0,0.357,23,0.426,11,0.432,7,0.62,6
53465478,2.763,0,0.357,23,0.426,11,0.432,7,0.62,6
53618034,2.763,0,0.357,23,0.426,11,0.433,7,0.62,6
53622188,2.763,0,0.357,23,0.426,11,0.433,7,0.62,6
53632741,2.763,0,0.357,23,0.426,11,0.433,7,0.62,6
53633752,2.763,0,0.357,23,0.426,11,0.433,7,0.62,6
53697187,2.679,0,0.383,26,0.421,12,0.518,7,0.606,6
53697444,2.868,0,0.313,23,0.348,12,0.337,7,0.635,6
53745162,2.891,0,0.068,19,0.113,10,0.056,26,0.769,1
53836629,1.888,0,0.062,17,0.427,9,0.431,3,0.231,3
53836902,1.91,0,0.092,14,0.516,8,0.282,4,0.164,3
53853183,2.533,0,0.166,22,0.065,11,0.112,5,0.573,3
53855956,2.857,0,0.101,18,0.127,10,0.039,26,0.775,1
53905492,1.992,0,0.012,15,0.605,8,0.254,4,0.099,3
53905653,1.909,0,0.06,18,0.443,9,0.441,3,0.222,3
54042568,2.906,0,0.236,20,0.355,12,0.267,24,0.583,1
54204802,2.763,0,0.357,23,0.426,11,0.433,7,0.62,6
54205551,2.763,0,0.357,23,0.426,11,0.433,7,0.62,6
54205610,2.655,0,0.396,24,0.354,10,0.541,6,0.645,6
54237144,2.862,0,0.319,23,0.352,12,0.342,7,0.634,6
54350213,3.087,0,0.121,17,0.229,9,0.093,25,0.727,1
548205562892374425,1.958,0,0.095,66,0.216,22,0.324,19,0.264,7
562605971381613093,2.432,0,0.131,58,0.182,20,0.143,32,0.306,8
567225306259796229,2.763,0,0.357,23,0.426,11,0.433,7,0.62,6
567910789087190907,2.865,0,0.284,24,0.322,12,0.33,7,0.561,7
571344298305335079,1.254,0,0.697,7,0.097,4,0.071,3,1.744,0
571352760576491118,1.271,0,0.686,7,0.051,4,0.029,3,1.776,0
597236119117778121,2.878,0,0.068,4,0.62,2,0.693,1,0.897,1
598767056595178619,2.723,0,0.224,4,0.477,2,0.555,1,0.9,1
598911290335045537,2.689,0,0.294,4,0.444,2,0.452,1,0.805,4
599610659013320019,2.864,0,0.048,4,0.696,2,0.717,1,0.837,3
599626408734532176,2.695,0,0.267,4,0.476,2,0.489,1,0.847,3
602404867602970361,2.637,0,0.278,4,0.53,2,0.535,1,0.643,4
604716361293678447,3.613,0,0.122,44,0.423,14,0.301,10,0.592,3
606329696219047813,1.98,0,0.116,68,0.057,22,0.264,25,0.266,8
610566475939497195,2.269,0,0.049,64,0.126,19,0.065,24,0.111,8
611242881863514656,3.017,0,0.158,35,0.188,14,0.528,13,0.531,2
613551678122841604,2.934,0,0.096,16,0.111,11,0.064,27,0.924,1
616269766989380503,2.888,0,0.094,33,0.148,16,0.4,14,0.61,2
617247173811632292,2.652,0,0.237,23,0.202,13,0.263,19,0.752,2
620076438504000936,3.065,0,0.092,18,0.204,9,0.078,25,0.751,1
620777463829233961,1.593,0,0.174,14,0.49,9,0.35,5,0.55,2
623042143455413093,2.763,0,0.357,23,0.426,11,0.433,7,0.62,6
623665139003422870,1.717,0,0.382,15,0.354,8,0.3,5,0.609,2
627993362264237393,2.739,0,0.062,49,0.088,18,0.034,23,0.466,5
629189587525996416,2.793,0,0.169,4,0.567,2,0.575,1,0.812,4
634569447314151746,2.816,0,0.109,30,0.14,14,0.326,11,0.661,2
636006272729140259,3.015,0,0.095,20,0.25,11,0.107,25,0.626,1
638121765679357415,2.647,0,0.18,16,0.077,11,0.009,33,1.277,0
638176617437521778,1.299,0,0.737,6,0.114,4,0.089,3,1.714,0
643168943861912173,3.013,0,0.125,34,0.18,8,0.169,8,0.586,2
644687177611018577,0.741,1,0.171,14,0.02,15,0.12,7,0.09,5
650218176234251489,2.445,0,0.1,24,0.175,7,0.169,5,0.609,2
650228376728214129,2.413,0,0.13,24,0.197,7,0.197,5,0.636,2
650233126736416423,2.43,0,0.135,23,0.159,7,0.177,5,0.68,2
653941042197595346,3.326,0,0.075,46,0.189,13,0.132,8,0.356,3
654125120499714142,0.795,1,0.169,13,0.086,16,0.133,7,0.196,5
654132220997701617,0.771,1,0.171,14,0.082,16,0.11,7,0.205,5
654135534924135883,0.741,1,0.171,14,0.02,15,0.12,7,0.09,5
654139939866622744,0.741,1,0.171,14,0.02,15,0.12,7,0.09,5
654142837621609801,0.741,1,0.171,14,0.02,15,0.12,7,0.09,5
657378468476117445,3.16,0,0.069,48,0.201,12,0.25,9,0.073,3
661126911495364978,1.365,0,0.105,34,0.254,21,0.382,8,1.105,0
661141365144703397,1.102,0,0.105,32,0.354,20,0.41,8,0.892,1
671343585522620592,3.711,0,0.114,46,0.65,11,0.513,11,0.763,3
671503829725764558,3.672,0,0.068,45,0.482,14,0.354,11,0.641,4
692747103576172175,3.4,0,0.044,46,0.309,12,0.189,7,0.593,3
692748972763723372,3.4,0,0.044,46,0.309,12,0.189,7,0.593,3
696253795962998334,2.762,0,0.357,23,0.426,11,0.433,7,0.62,6
707565204178349010,3.821,0,0.548,3,0.701,1,0.946,1,0.469,2
709939057124036960,3.835,0,0.565,3,0.718,1,0.956,1,0.481,2
713931790395344585,3.829,0,0.554,3,0.708,1,0.946,1,0.477,2
714100989959146472,2.664,0,0.37,23,0.301,9,0.505,6,0.715,5
716283486212132297,3.829,0,0.558,3,0.711,1,0.952,1,0.475,2
734335764900771607,3.221,0,0.139,47,0.12,12,0.239,9,0.158,3
734588947303112403,1.17,0,0.107,35,0.22,18,0.395,8,0.852,1
736166550462292842,1.944,0,0.109,41,0.285,20,0.257,10,0.619,2
755560671932535390,3.028,0,0.202,29,0.219,14,0.312,8,0.13,6
756273570620615397,1.59,0,0.38,13,0.353,8,0.325,5,0.696,2
764824832337587941,2.681,0,0.13,2,1.149,0,0.857,2,0.803,2
765434508191118626,2.758,0,0.177,1,1.395,0,0.585,2,0.525,2
774251290756654693,2.421,0,0.123,24,0.194,7,0.191,5,0.626,2
776405587327729817,2.869,0,0.048,4,0.711,2,0.731,1,0.838,3
782824856046007586,2.708,0,0.205,4,0.583,2,0.589,1,0.701,4
782868929312051922,2.747,0,0.211,4,0.48,2,0.641,1,0.985,1
782994624558127242,2.165,0,0.232,16,0.242,14,0.22,34,1.687,0
783139509330681568,2.631,0,0.087,23,0.135,11,0.18,5,0.536,3
783702312407337238,2.87,0,0.182,26,0.133,10,0.485,22,0.524,2
786962032021673825,1.969,0,0.118,39,0.323,18,0.374,9,0.731,3
787356712557404822,2.928,0,0.085,19,0.211,11,0.131,25,0.674,1
789762213793578390,3.4,0,0.044,46,0.309,12,0.189,7,0.593,3
791220299796324757,3.4,0,0.044,46,0.309,12,0.189,7,0.593,3
791656227144870908,2.884,0,0.524,17,0.337,10,0.331,34,1.629,0
791701445015747746,2.892,0,0.518,16,0.311,9,0.297,33,1.452,0
791721591826644800,2.759,0,0.378,16,0.27,9,0.234,33,1.57,0
791740870471323064,2.892,0,0.535,16,0.344,10,0.339,33,1.615,0
791827163601709023,2.247,0,0.124,54,0.302,15,0.206,28,0.424,8
791849721681232177,2.247,0,0.124,54,0.302,15,0.206,28,0.424,8
791860562256839256,2.247,0,0.124,54,0.302,15,0.206,28,0.424,8
795610316764755392,2.707,0,0.225,19,0.208,13,0.439,21,0.697,1
797803598869629444,2.657,0,0.213,19,0.164,13,0.444,21,0.747,1
798264417222834841,3.123,0,0.032,50,0.116,12,0.298,5,0.345,3
798279586997331039,3.136,0,0.036,50,0.121,12,0.284,6,0.334,3
800298184755363889,1.138,0,0.068,32,0.324,19,0.434,8,0.914,1
801186555335313462,3.018,0,0.146,52,0.169,12,0.415,7,0.263,4
801920114737130933,3.097,0,0.071,51,0.201,12,0.321,7,0.289,3
801995107847066327,2.13,0,0.253,15,0.262,14,0.244,33,1.67,0
806295889763785088,3.097,0,0.071,51,0.201,12,0.321,7,0.289,3
806312921176965101,3.097,0,0.071,51,0.201,12,0.321,7,0.289,3
806321235832587602,3.097,0,0.071,51,0.201,12,0.321,7,0.289,3
810376811309754844,3.123,0,0.032,50,0.116,12,0.298,5,0.345,3
822059164708734993,3.118,0,0.032,50,0.115,12,0.304,5,0.349,3
824328676429321602,2.847,0,0.242,24,0.327,12,0.348,7,0.511,7
825579456713831810,3.288,0,0.19,33,0.117,8,0.125,8,0.705,2
827845795285182475,3.184,0,0.257,4,0.437,4,0.798,3,1.255,0
827875125532071454,1.684,0,0.192,14,0.543,9,0.259,5,0.481,2
831008711204150847,3.108,0,0.225,5,0.481,4,0.861,4,1.226,0
831017287232611543,3.194,0,0.468,3,0.334,1,1.039,0,0.989,1
831033318344000073,3.135,0,0.251,4,0.451,4,0.858,3,1.213,0
831518184194402625,1.532,0,0.222,13,0.426,8,0.411,4,0.619,2
831688296592919472,2.613,0,0.35,25,0.314,10,0.575,6,0.636,5
832538193209880053,2.663,0,0.229,23,0.193,13,0.276,20,0.739,2
833763737295484530,1.943,0,0.107,20,0.445,6,0.585,2,0.27,3
835904017609907338,2.757,0,0.231,21,0.246,12,0.422,20,0.65,1
841098685339489415,2.402,0,0.363,10,0.331,7,0.307,17,0.919,2
846297658713595280,5.178,0,3.182,0,3.165,0,3.038,0,0.711,1
851052793984170859,1.667,0,0.16,14,0.517,9,0.277,5,0.476,2
853124282207206763,0.204,3,0.357,4,1.419,0,2.423,0,0.102,13
853329364720420427,3.143,0,0.075,48,0.187,12,0.278,9,0.08,3
853329655146229701,3.097,0,0.071,51,0.201,12,0.321,7,0.289,3
853333353954940277,3.097,0,0.071,51,0.201,12,0.321,7,0.289,3
864099010095266648,3.123,0,0.032,50,0.116,12,0.298,5,0.345,3
864117612353918427,3.136,0,0.036,50,0.121,12,0.284,6,0.334,3
864321103080953349,2.316,0,0.226,17,0.195,12,0.147,34,1.507,0
866448854492965889,1.735,0,0.236,14,0.523,8,0.208,5,0.461,2
867296050291666116,1.693,0,0.215,14,0.522,9,0.25,5,0.489,2
872033189275592946,3.385,0,0.034,45,0.306,13,0.175,7,0.58,3
873140844618962944,2.631,0,0.269,22,0.23,13,0.274,19,0.768,2
873151302770286080,2.485,0,0.34,23,0.26,11,0.216,19,0.894,2
873151554401594108,2.712,0,0.291,21,0.238,13,0.418,20,0.682,1
873151881500059276,2.47,0,0.269,21,0.107,11,0.448,23,0.938,1
873159641216775580,2.48,0,0.307,22,0.154,12,0.387,21,0.918,1
878488989399491669,5.178,0,3.182,0,3.165,0,3.038,0,0.711,1
878489235812091594,5.178,0,3.182,0,3.165,0,3.038,0,0.711,1
878489359707000351,5.178,0,3.182,0,3.165,0,3.038,0,0.711,1
878489587692756300,5.112,0,3.103,0,3.086,0,2.957,0,0.724,1
895307096931503765,2.493,0,0.056,54,0.223,14,0.25,22,0.31,7
896425471247877253,2.63,0,0.265,22,0.228,13,0.267,19,0.769,2
896425506202393462,2.464,0,0.329,22,0.176,12,0.37,21,0.931,1
896425553049881174,2.503,0,0.322,23,0.25,11,0.208,18,0.88,2
897507768783898539,2.664,0,0.3,4,0.449,2,0.458,1,0.848,3
898183406680359456,2.775,0,0.243,21,0.264,11,0.425,20,0.631,1
906726281972631952,2.209,0,0.089,51,0.184,22,0.199,18,0.103,5
907686638311383341,2.126,0,0.378,6,0.384,8,0.347,11,0.787,1
912802306072914469,2.757,0,0.103,44,0.114,14,0.096,21,0.512,5
914805460729895825,2.101,0,0.1,57,0.282,13,0.201,26,0.291,8
915670366666904246,1.551,0,0.207,14,0.445,8,0.392,5,0.598,2
917705626758191088,2.209,0,0.089,51,0.184,22,0.199,18,0.103,5
917878438514515055,2.247,0,0.124,54,0.302,15,0.206,28,0.424,8
917885193029724900,2.247,0,0.124,54,0.302,15,0.206,28,0.424,8
923613640797995092,2.25,0,0.499,5,0.468,8,0.437,11,0.857,1
927092195097805859,1.664,0,0.107,61,0.468,22,0.388,24,0.142,9
927104359590866258,1.554,0,0.079,53,0.462,21,0.447,19,0.249,8
934346542744923153,2.345,0,0.177,47,0.264,16,0.098,28,0.404,7
934354866476648898,2.322,0,0.028,58,0.245,19,0.132,30,0.353,8
934368914326609002,2.486,0,0.131,48,0.182,17,0.089,29,0.224,7
934381114246786901,2.248,0,0.078,57,0.263,16,0.188,29,0.381,8
934386884436615245,2.363,0,0.151,48,0.293,16,0.071,28,0.375,7
938672532615874999,1.554,0,0.079,53,0.462,21,0.447,19,0.249,8
938816375662381740,2.385,0,0.046,56,0.183,19,0.168,30,0.313,9
938821130208338925,2.54,0,0.097,48,0.122,17,0.159,29,0.158,7
938826741220769481,1.554,0,0.079,53,0.462,21,0.447,19,0.249,8
939438617196139743,2.025,0,0.285,6,0.243,12,0.198,11,0.628,2
939706932525817048,1.554,0,0.079,53,0.462,21,0.447,19,0.249,8
939714606306548233,1.554,0,0.079,53,0.462,21,0.447,19,0.249,8
942498058629533851,1.439,0,0.189,11,0.075,13,0.211,11,0.185,5
943118105241784858,1.566,0,0.05,10,0.132,13,0.145,11,0.279,4
943163894208432026,1.344,0,0.217,11,0.121,14,0.303,11,0.275,6
943220901216594659,1.51,0,0.177,11,0.093,13,0.14,11,0.133,4
944449482210600103,1.697,0,0.163,10,0.191,10,0.218,10,1.129,0
944612487124738868,1.712,0,0.196,11,0.083,12,0.115,11,0.115,3
944612549240049286,1.53,0,0.256,13,0.42,8,0.417,5,0.641,2
946274113050996122,2.154,0,0.41,6,0.369,8,0.32,11,0.735,1
948700412652397998,1.588,0,0.124,11,0.036,13,0.058,11,0.126,4
949650431267779386,1.476,0,0.059,48,0.497,21,0.338,19,0.296,8
957684538892063912,1.702,0,0.205,11,0.072,12,0.103,11,0.109,3
959465909045567964,2.615,0,0.273,22,0.239,12,0.245,19,0.787,2
962179495759598858,1.739,0,0.267,15,0.49,8,0.211,5,0.484,2
962179665760436992,1.713,0,0.355,15,0.381,8,0.285,5,0.587,2
962880218922843498,2.095,0,0.107,52,0.225,22,0.318,17,0.221,5
974183835128911388,1.269,0,0.045,42,0.109,20,0.341,8,0.867,1
974194294235939529,1.17,0,0.107,35,0.22,18,0.395,8,0.852,1
984451267933484000,2.85,0,0.048,33,0.029,12,0.372,8,0.548,2
988675919396273025,1.694,0,0.154,8,0.221,9,0.248,10,1.159,0
994831838625612556,2.693,0,0.289,21,0.237,13,0.395,20,0.7,2
996212506657357548,1.308,0,0.04,33,0.233,20,0.4,8,1.039,0
999267804611326098,2.453,0,0.317,22,0.158,11,0.396,21,0.946,1
1003923515839548471,3.005,0,0.043,19,0.176,9,0.011,25,0.713,1
1004652336577626435,2.973,0,0.054,17,0.123,9,0.048,26,0.77,1
1004668708355951146,2.965,0,0.055,17,0.116,8,0.053,26,0.775,1
1008723963440015334,2.671,0,0.234,22,0.193,13,0.299,20,0.728,2
1009310616747753745,1.308,0,0.04,33,0.233,20,0.4,8,1.039,0
1009651833336339483,2.6,0,0.108,3,1.297,0,0.712,2,0.62,2
1009662020699585686,2.547,0,0.103,3,1.205,0,0.791,2,0.712,2
1015674434767532160,2.721,0,0.05,29,0.158,9,0.246,7,0.551,3
1021016464003246425,2.684,0,0.183,25,0.142,8,0.142,6,0.684,2
1021016464222703177,2.684,0,0.183,25,0.142,8,0.142,6,0.684,2
1021016479643828150,2.684,0,0.183,25,0.142,8,0.142,6,0.684,2
1021016494182773262,2.684,0,0.183,25,0.142,8,0.142,6,0.684,2
1021016496690681763,2.684,0,0.183,25,0.142,8,0.142,6,0.684,2
1021016511276559526,2.684,0,0.183,25,0.142,8,0.142,6,0.684,2
1021016519344090646,2.684,0,0.183,25,0.142,8,0.142,6,0.684,2
1021016528440696755,2.684,0,0.183,25,0.142,8,0.142,6,0.684,2
1021016532753376517,2.684,0,0.183,25,0.142,8,0.142,6,0.684,2
1021016542430364492,2.684,0,0.183,25,0.142,8,0.142,6,0.684,2
1021023258297618133,2.385,0,0.105,10,0.043,9,0.041,20,1.169,0
1021024204303173232,2.212,0,0.11,21,0.525,11,0.276,3,0.302,3
1021695586762269747,1.308,0,0.04,33,0.233,20,0.4,8,1.039,0
1025588886070864385,2.661,0,0.061,16,0.093,11,0.047,30,1.019,0
1029639025854534584,2.684,0,0.183,25,0.142,8,0.142,6,0.684,2
1033745170137385524,2.723,0,0.227,19,0.22,13,0.434,21,0.681,1
1036002951580641037,2.126,0,0.378,6,0.384,8,0.347,11,0.787,1
1039628026138598190,2.657,0,0.256,22,0.213,13,0.305,21,0.739,2
1041089083978668521,2.618,0,0.215,19,0.135,13,0.449,21,0.786,1
1043856635673230660,2.67,0,0.257,20,0.205,13,0.429,21,0.727,1
1045254053769028094,3.141,0,0.043,47,0.309,12,0.251,7,0.129,3
1045315723123738903,2.999,0,0.163,52,0.149,12,0.431,7,0.267,4
1045618595860407671,2.061,0,0.158,16,0.498,10,0.174,5,0.45,3
1047435412003416811,3.534,0,0.177,6,0.317,5,0.322,2,1.372,0
1050384755676077507,2.114,0,0.395,5,0.443,8,0.343,11,0.863,1
1050388321010357150,2.046,0,0.34,6,0.405,10,0.283,11,0.828,1
1051844503970967768,2.328,0,0.353,20,0.218,11,0.494,25,1.106,0
1051874859376252326,2.49,0,0.224,20,0.151,14,0.252,31,1.047,0
1051894013258541747,2.411,0,0.274,23,0.132,12,0.454,26,1.02,0
1051912453094168650,2.477,0,0.233,20,0.138,13,0.245,31,1.073,0
1051926816739724054,2.558,0,0.144,19,0.019,11,0.375,22,0.879,1
1068419620186966968,3.163,0,0.094,48,0.168,12,0.267,9,0.1,3
1069978242571647934,2.697,0,0.272,20,0.233,13,0.431,21,0.699,1
1070081552859391917,0.882,1,0.284,35,0.048,20,0.074,8,0.553,1
1070092240469943101,0.892,1,0.287,36,0.058,20,0.089,8,0.568,1
1070100450728059767,2.947,0,0.082,35,0.139,16,0.465,18,0.531,2
1070106377457021814,3.055,0,0.187,38,0.213,14,0.559,14,0.515,2
1070110927076925837,2.947,0,0.082,35,0.139,16,0.465,18,0.531,2
1072103225928678611,2.111,0,0.3,37,0.106,16,0.725,7,0.521,3
1072976465653153715,1.982,0,0.205,39,0.264,17,0.569,7,0.654,3
1074445824379877735,2.454,0,0.091,16,0.22,10,0.052,33,1.589,0
1076009520742021280,1.308,0,0.04,33,0.233,20,0.4,8,1.039,0
1077066160280158672,1.475,0,0.04,48,0.103,21,0.166,11,0.833,5
1081406657498050218,3.129,0,0.117,47,0.161,12,0.32,9,0.124,3
1081488862927378833,3.123,0,0.032,50,0.116,12,0.298,5,0.345,3
1081613865922147868,2.226,0,0.167,37,0.129,17,0.77,10,0.578,3
1087226058736958732,2.594,0,0.308,22,0.27,12,0.268,19,0.803,2
1087399824733854992,2.431,0,0.417,23,0.266,12,0.289,19,0.962,2
1090844127265331476,2.568,0,0.227,19,0.108,12,0.439,21,0.837,1
1090879887751460581,2.542,0,0.312,22,0.263,12,0.225,18,0.857,2
1090941645170098677,1.504,0,0.327,13,0.394,8,0.42,4,0.705,2
1090956211361932959,2.681,0,0.224,22,0.183,13,0.304,20,0.718,2
1092355175257121879,2.499,0,0.23,21,0.068,11,0.46,23,0.915,1
1092420222696104820,2.722,0,0.226,21,0.175,13,0.368,20,0.672,2
1093034320018826313,2.459,0,0.389,22,0.241,12,0.302,20,0.934,2
1093201345960372692,0.076,1,0.185,11,0.187,8,1.037,0,1.846,0
1098162437587327203,2.529,0,0.206,20,0.052,11,0.441,23,0.888,1
1098225296145900661,3.143,0,0.075,48,0.187,12,0.278,9,0.08,3
1098242809370122967,3.143,0,0.075,48,0.187,12,0.278,9,0.08,3
1098253414973472403,3.143,0,0.075,48,0.187,12,0.278,9,0.08,3
1098269698956537803,2.515,0,0.231,20,0.076,11,0.46,23,0.896,1
1098296033118804249,3.143,0,0.075,48,0.187,12,0.278,9,0.08,3
1107011362652698703,2.212,0,0.19,36,0.109,17,0.769,10,0.56,3
1107018143815630482,2.111,0,0.3,37,0.106,16,0.725,7,0.521,3
1107038712991316166,2.111,0,0.3,37,0.106,16,0.725,7,0.521,3
1120764409959358945,2.617,0,0.194,19,0.116,13,0.435,21,0.793,1
1120855427780055433,2.716,0,0.217,19,0.21,13,0.428,21,0.69,1
1120883289538559724,0.097,5,0.025,4,0.955,1,2.461,0,0.108,13
1122389407600886722,2.492,0,0.287,21,0.135,12,0.404,21,0.908,1
1122405444122215497,2.662,0,0.224,23,0.19,12,0.264,20,0.743,2
1125061311682323382,0.104,1,0.199,10,0.171,8,0.974,1,1.776,0
1125882563677665360,3.458,0,0.308,6,0.41,5,0.383,2,1.504,0
1126421826112076000,1.142,0,0.126,35,0.241,18,0.362,8,0.819,1
1126432655750314919,1.355,0,0.086,35,0.232,20,0.368,8,1.079,0
1126441295278848052,1.366,0,0.108,33,0.254,21,0.385,8,1.108,0
1126447135198317376,1.148,0,0.098,32,0.373,20,0.484,8,0.966,1
1126559763253932251,3.139,0,0.097,48,0.277,12,0.273,7,0.183,3
1127120740050488165,2.953,0,0.085,53,0.207,12,0.466,7,0.384,4
1127125314999238003,3.011,0,0.059,50,0.127,13,0.408,4,0.347,4
1127129255987380110,3.007,0,0.047,51,0.138,13,0.411,5,0.356,4
1127134859913654007,3.075,0,0.032,51,0.133,12,0.346,5,0.369,3
1130403897914167448,0.127,1,0.073,12,0.063,9,0.869,1,1.831,0
1133126746608552480,2.111,0,0.3,37,0.106,16,0.725,7,0.521,3
1133915070063689817,2.666,0,0.203,19,0.164,13,0.432,21,0.741,1
1138151240438377785,2.679,0,0.301,21,0.249,13,0.391,20,0.714,2
1143921972375198193,1.461,0,0.151,11,0.033,13,0.195,11,0.24,5
1143925942738013965,1.352,0,0.253,10,0.129,15,0.32,11,0.328,6
1143929133718457590,1.39,0,0.22,10,0.127,15,0.299,11,0.351,6
1143931262251071945,1.344,0,0.266,10,0.155,16,0.341,11,0.311,6
1145378870944166294,2.321,0,0.118,16,0.227,9,0.23,3,0.618,2
1147038927980632245,2.686,0,0.246,19,0.207,13,0.447,21,0.713,1
1147423722643637720,2.463,0,0.385,24,0.284,11,0.256,20,0.931,2
1147625544649497971,2.458,0,0.376,22,0.226,12,0.318,21,0.935,2
1148171142986946123,2.454,0,0.388,22,0.238,12,0.307,20,0.938,2
1148292370921424427,1.125,0,0.156,12,0.042,8,0.07,6,0.787,1
1148305387098585341,1.125,0,0.156,12,0.042,8,0.07,6,0.787,1
1148310726128055404,1.125,0,0.156,12,0.042,8,0.07,6,0.787,1
1150726261186875946,2.611,0,0.174,37,0.19,10,0.328,6,0.315,2
1151921017042310050,2.291,0,0.086,54,0.302,16,0.171,29,0.404,8
1155541275662895455,1.699,0,0.207,11,0.072,12,0.103,11,0.107,3
1156055242666803330,1.699,0,0.207,11,0.072,12,0.103,11,0.107,3
1156194445863734469,2.189,0,0.127,57,0.273,15,0.24,27,0.371,8
1156770859883263200,2.85,0,0.332,23,0.361,12,0.352,7,0.632,6
1159877277633034540,1.373,0,0.029,8,0.459,8,0.866,4,0.728,2
1163425774429238249,1.373,0,0.029,8,0.459,8,0.866,4,0.728,2
1163456834536895777,2.485,0,0.271,21,0.113,11,0.431,22,0.92,1
1164079483534405707,1.457,0,0.154,11,0.033,13,0.2,11,0.244,5
1164084983276437556,1.457,0,0.154,11,0.033,13,0.2,11,0.244,5
1164088481511487446,1.457,0,0.154,11,0.033,13,0.2,11,0.244,5
1167164655251198517,3.373,0,0.133,46,0.226,13,0.094,9,0.274,3
1167188051993601760,3.373,0,0.133,46,0.226,13,0.094,9,0.274,3
1167820849430768085,3.278,0,0.134,26,0.148,10,0.177,8,0.22,7
1167867333891082690,3.373,0,0.133,46,0.226,13,0.094,9,0.274,3
1167873997533155815,3.372,0,0.134,46,0.226,13,0.094,9,0.274,3
1168481015025943519,1.457,0,0.154,11,0.033,13,0.2,11,0.244,5
1170771336878595122,3.235,0,0.102,26,0.072,10,0.122,7,0.231,7
1172176919388341284,3.132,0,0.276,24,0.282,11,0.356,8,0.043,7
1172256190630797104,4.066,0,0.104,2,0.281,5,0.266,3,2.221,0
1173787944851792627,3.989,0,0.162,5,0.231,5,0.201,3,2.31,0
1177157378172268071,4.071,0,0.09,2,0.301,2,0.308,1,2.204,0
1177266586048046335,2.857,0,0.29,24,0.239,11,0.469,23,0.543,1
1178156015574107047,4.09,0,0.159,3,0.315,5,0.293,3,2.205,0
1180906224303660510,2.249,0,0.206,18,0.347,6,0.357,5,0.768,3
1185915191423357388,1.267,0,0.241,9,0.155,9,0.2,6,0.645,2
1185943171595849585,1.08,0,0.31,12,0.125,9,0.208,6,0.867,1
1185947576358641538,1.015,0,0.103,13,0.088,8,0.057,6,0.898,1
1185960624679186691,1.135,0,0.254,12,0.143,9,0.157,6,0.794,1
1185980898795655861,1.092,0,0.273,12,0.151,9,0.172,6,0.843,1
1185980922666295692,1.093,0,0.255,12,0.152,9,0.153,6,0.837,1
1185996420473299630,1.285,0,0.281,10,0.185,10,0.228,6,0.632,2
1186017127022771892,1.211,0,0.137,10,0.117,7,0.154,5,0.711,2
1186549961463342281,1.06,0,0.246,12,0.14,9,0.144,6,0.867,1
1195250012341744827,3.602,0,0.314,8,0.182,6,0.329,3,2.673,0
1195978643273072905,3.664,0,0.172,7,0.005,6,0.162,3,2.612,0
1201971237883159675,1.179,0,0.087,37,0.196,18,0.377,8,0.813,1
1203586062379106402,2.106,0,1.127,0,1.132,0,1.14,0,1.896,0
1207318281263563928,2.681,0,0.296,21,0.241,13,0.401,21,0.713,1
1208976108760291000,1.188,0,0.079,37,0.186,18,0.384,8,0.816,1
1211541109420739270,0.648,2,0.139,14,0.057,10,0.995,1,1.49,0
1213692178756023876,1.179,0,0.086,37,0.197,18,0.378,8,0.814,1
1214386044475516046,0.478,2,0.101,13,0.166,10,0.864,1,1.678,0
1214989558350921428,1.096,0,0.147,34,0.298,18,0.341,8,0.813,1
1222735570077900345,3.291,0,0.1,49,0.106,14,0.232,9,0.449,3
1223459678555999524,3.218,0,0.284,23,0.283,11,0.34,8,0.125,7
1225352616556540568,2.072,0,0.09,15,0.611,9,0.143,4,0.255,3
1225438079664618315,2.232,0,0.124,18,0.411,11,0.295,3,0.422,3
1225906045023625223,2.077,0,0.149,16,0.492,10,0.175,5,0.434,3
1225972660254798233,2.225,0,0.101,21,0.55,11,0.297,3,0.279,3
1226856435663364449,2.654,0,0.281,22,0.234,13,0.334,21,0.74,2
1226856585106284966,2.478,0,0.259,21,0.097,11,0.454,23,0.931,1
1226856613274248660,2.437,0,0.398,22,0.246,12,0.307,20,0.956,2
1227154676044915085,2.526,0,0.213,11,0.206,9,0.159,25,1.43,0
1227302530704862749,2.079,0,0.146,16,0.489,10,0.177,5,0.436,3
1227318472840875048,2.273,0,0.097,22,0.516,12,0.34,3,0.323,3
1227374221257274983,3.022,0,0.155,43,0.257,13,0.34,6,0.223,4
1227387149074092124,3.588,0,0.083,44,0.448,12,0.337,9,0.777,3
1227822272006685625,3.011,0,0.277,25,0.288,15,0.378,8,0.09,7
1228330371205511016,3.183,0,0.185,47,0.169,14,0.257,6,0.373,3
1229021715252281264,2.597,0,0.298,22,0.262,12,0.254,19,0.802,2
1229028998701679313,2.717,0,0.239,19,0.223,13,0.448,21,0.685,1
1231908534008916973,2.476,0,0.249,21,0.086,11,0.471,23,0.937,1
1234127594707611730,2.633,0,0.274,22,0.233,13,0.287,19,0.764,2
1234127745004933134,2.479,0,0.354,23,0.274,11,0.229,20,0.908,2
1234127940569953580,2.466,0,0.293,21,0.134,11,0.417,22,0.935,1
1234127971959328439,2.429,0,0.379,22,0.223,11,0.336,21,0.964,1
1239879728744216302,2.696,0,0.077,35,0.084,9,0.147,6,0.41,2
1239985171891429870,2.758,0,0.212,51,0.193,17,0.162,29,0.093,6
1241947087107704109,1.714,0,0.227,14,0.52,8,0.229,5,0.476,2
1243199194517432903,2.873,0,0.461,3,0.659,2,0.885,3,0.925,3
1243831644267807183,3.061,0,0.056,50,0.238,13,0.36,7,0.293,4
1243860150618704413,3.423,0,0.254,6,0.531,6,0.559,2,1.327,0
1243882041882079966,3.061,0,0.056,50,0.238,13,0.36,7,0.293,4
1243968935509780473,1.242,0,0.045,36,0.149,18,0.402,8,0.898,1
1243982290262063870,1.242,0,0.045,36,0.149,18,0.402,8,0.898,1
1244751405963770819,3.539,0,0.376,6,0.544,5,0.526,2,1.532,0
1244760151070150179,3.586,0,0.169,6,0.367,6,0.381,2,1.358,0
1245008565055001529,2.211,0,0.109,21,0.525,11,0.275,3,0.302,3
1245008922960180463,2.211,0,0.109,21,0.525,11,0.275,3,0.302,3
1245009421467255295,2.211,0,0.109,21,0.525,11,0.275,3,0.302,3
1245009727166972007,2.211,0,0.109,21,0.525,11,0.275,3,0.302,3
1245035143461768096,2.498,0,0.169,23,0.178,11,0.218,4,0.489,2
1245035329117568652,2.498,0,0.169,23,0.178,11,0.218,4,0.489,2
1245035329137671409,2.498,0,0.169,23,0.178,11,0.218,4,0.489,2
1245036227533995479,2.385,0,0.105,10,0.043,9,0.041,20,1.169,0
1245036465374172592,2.385,0,0.105,10,0.043,9,0.041,20,1.169,0
1245036504532859018,2.385,0,0.105,10,0.043,9,0.041,20,1.169,0
1245036577479981093,2.385,0,0.105,10,0.043,9,0.041,20,1.169,0
1245038698926911796,2.385,0,0.105,10,0.043,9,0.041,20,1.169,0
1245038735494024880,2.385,0,0.105,10,0.043,9,0.041,20,1.169,0
1245038806356626105,2.385,0,0.105,10,0.043,9,0.041,20,1.169,0
1245039292085214029,2.385,0,0.105,10,0.043,9,0.041,20,1.169,0
1245039301875922656,2.385,0,0.105,10,0.043,9,0.041,20,1.169,0
1245040592865068919,2.321,0,0.118,16,0.227,9,0.23,3,0.618,2
1245040697036756481,2.321,0,0.118,16,0.227,9,0.23,3,0.618,2
1245040811276713618,2.321,0,0.118,16,0.227,9,0.23,3,0.618,2
1245041425164865094,2.321,0,0.118,16,0.227,9,0.23,3,0.618,2
1245041457283215245,2.321,0,0.118,16,0.227,9,0.23,3,0.618,2
1245041559512155990,2.321,0,0.118,16,0.227,9,0.23,3,0.618,2
1245042094840209743,2.684,0,0.183,25,0.142,8,0.142,6,0.684,2
1245042368693738144,2.684,0,0.183,25,0.142,8,0.142,6,0.684,2
1245043284927406360,2.061,0,0.158,16,0.498,10,0.174,5,0.45,3
1245043805117116935,2.061,0,0.158,16,0.498,10,0.174,5,0.45,3
1245043836725601611,2.061,0,0.158,16,0.498,10,0.174,5,0.45,3
1245044201507770270,2.061,0,0.158,16,0.498,10,0.174,5,0.45,3
1245044231618369774,2.061,0,0.158,16,0.498,10,0.174,5,0.45,3
1245044348549678171,2.061,0,0.158,16,0.498,10,0.174,5,0.45,3
1245044712267075004,2.061,0,0.158,16,0.498,10,0.174,5,0.45,3
1245044712674227081,2.061,0,0.158,16,0.498,10,0.174,5,0.45,3
1245044844648218308,2.061,0,0.158,16,0.498,10,0.174,5,0.45,3
1245045754334948868,2.061,0,0.158,16,0.498,10,0.174,5,0.45,3
1245045759996750155,2.061,0,0.158,16,0.498,10,0.174,5,0.45,3
1245045896133419487,2.061,0,0.158,16,0.498,10,0.174,5,0.45,3
1245045900148258901,2.061,0,0.158,16,0.498,10,0.174,5,0.45,3
1247631280875913742,2.684,0,0.183,25,0.142,8,0.142,6,0.684,2
1247631300344863691,2.684,0,0.183,25,0.142,8,0.142,6,0.684,2
1248122162330316547,3.665,0,0.228,8,0.188,7,0.171,3,2.636,0
1249599562146029286,3.621,0,0.289,8,0.161,6,0.305,3,2.654,0
1249621253662167153,3.603,0,0.328,7,0.202,6,0.346,3,2.674,0
1250664127604301004,2.681,0,0.374,12,0.176,8,0.14,29,1.651,0
1252083926209830706,2.466,0,0.148,11,0.138,10,0.117,26,1.437,0
1253314317325403345,2.462,0,0.245,20,0.102,11,0.054,13,0.738,3
1254061358660243009,2.462,0,0.245,20,0.102,11,0.054,13,0.738,3
1257066182152340231,2.701,0,0.21,19,0.195,13,0.426,21,0.705,1
1257671065223860808,3.148,0,0.296,24,0.265,12,0.337,8,0.052,7
1262373708236458790,2.675,0,0.207,19,0.174,13,0.433,21,0.731,1
1262373719670688199,2.531,0,0.357,22,0.273,12,0.265,20,0.864,2
1262373732305054823,2.649,0,0.222,19,0.164,13,0.451,21,0.754,1
1262373745988496937,2.506,0,0.248,20,0.093,11,0.444,22,0.901,1
1263071652141265178,3.459,0,0.245,6,0.508,5,0.531,2,1.35,0
1265288847858303408,2.493,0,0.28,21,0.127,12,0.412,21,0.908,1
1265288878454238159,2.463,0,0.378,24,0.293,11,0.248,20,0.928,2
1265288892759176989,2.507,0,0.224,21,0.064,11,0.456,23,0.907,1
1265288907387767945,2.512,0,0.225,21,0.067,11,0.459,23,0.901,1
1265289253814478892,2.659,0,0.23,23,0.195,13,0.268,20,0.744,2
1265289501797725426,2.675,0,0.252,22,0.205,13,0.33,20,0.719,2
1267274248707779718,3.786,0,0.138,42,0.526,9,0.286,7,0.732,3
1269863028905697608,3.19,0,0.361,4,0.36,2,0.92,1,1.116,0
1270088900132297049,2.48,0,0.249,21,0.087,11,0.466,23,0.931,1
1273146445598729319,2.487,0,0.3,22,0.148,12,0.392,21,0.912,1
1273146505287037021,2.601,0,0.298,22,0.26,12,0.264,19,0.796,2
1273146892193924433,2.481,0,0.285,21,0.129,12,0.414,22,0.92,1
1273146910324214626,2.699,0,0.297,21,0.245,13,0.41,20,0.695,1
1273146922438941203,2.468,0,0.303,22,0.146,12,0.401,21,0.931,1
1273146967432465760,2.431,0,0.419,22,0.275,12,0.279,19,0.963,2
1273147089681029084,2.594,0,0.209,19,0.11,13,0.452,20,0.813,1
1273147103665538835,2.625,0,0.28,22,0.24,13,0.282,19,0.772,2
1273147512621212350,2.493,0,0.353,22,0.212,12,0.325,21,0.9,2
1273147526072083803,2.43,0,0.392,22,0.237,11,0.32,21,0.963,1
1273147568804170130,2.673,0,0.247,22,0.202,13,0.32,21,0.723,2
1273148228502796094,2.647,0,0.234,23,0.204,12,0.242,19,0.762,2
1278638563004389479,2.635,0,0.103,3,1.144,0,0.856,2,0.791,2
1289024343920493450,2.035,0,0.152,50,0.373,21,0.26,11,0.332,4
1289599933265613292,2.035,0,0.152,50,0.373,21,0.26,11,0.332,4
1289634700587731508,3.068,0,0.067,48,0.242,12,0.345,9,0.072,3
1289634704575357709,3.068,0,0.067,48,0.242,12,0.345,9,0.072,3
1289634785191542896,3.068,0,0.067,48,0.242,12,0.345,9,0.072,3
1289719008815143656,2.035,0,0.152,50,0.373,21,0.26,11,0.332,4
1290347038313595595,3.001,0,0.147,29,0.216,12,0.291,8,0.187,6
1294098476942265354,3.588,0,0.083,44,0.448,12,0.337,9,0.777,3
1295238447814060622,2.625,0,0.053,3,1.185,0,0.813,2,0.742,2
1297609663625645209,2.652,0,0.24,22,0.204,13,0.269,20,0.75,2
1298240569886538203,2.646,0,0.249,22,0.212,13,0.272,19,0.755,2
1298279713280635359,2.684,0,0.201,19,0.177,13,0.424,21,0.724,1
1298280168073199401,2.466,0,0.4,23,0.264,12,0.276,20,0.927,2
1298304693095813522,2.474,0,0.256,21,0.093,11,0.463,23,0.937,1
1298306276925215082,2.7,0,0.291,21,0.248,13,0.417,21,0.695,1
1298306821436355793,2.507,0,0.243,20,0.088,11,0.45,22,0.901,1
1298350621345394366,2.436,0,0.404,22,0.252,12,0.3,19,0.957,2
1298394088890426354,2.481,0,0.267,21,0.108,11,0.438,22,0.925,1
1298401999313639862,2.501,0,0.248,20,0.091,11,0.448,22,0.907,1
1298486869378455777,1.678,0,0.172,14,0.53,9,0.266,5,0.474,2
1298499011850976732,1.705,0,0.381,15,0.351,8,0.31,5,0.617,2
1299877828985823706,2.765,0,0.356,23,0.423,11,0.43,7,0.619,6
1299928827892640344,2.765,0,0.356,23,0.423,11,0.43,7,0.619,6
1303955219727272437,2.634,0,0.223,19,0.154,13,0.445,21,0.769,1
1304066465447656325,2.491,0,0.366,22,0.285,12,0.251,20,0.904,2
1304068562876015691,2.543,0,0.205,19,0.062,11,0.444,23,0.871,1
1304069572049684905,2.569,0,0.3,22,0.267,12,0.233,18,0.831,2
1304074944274836942,2.657,0,0.248,19,0.19,13,0.43,21,0.741,1
1304245612864353032,2.558,0,0.298,22,0.258,12,0.222,18,0.843,2
1305015830508327690,2.515,0,0.253,20,0.104,12,0.431,22,0.889,1
1305708479714004669,2.51,0,0.249,20,0.097,12,0.439,22,0.896,1
1305712363471731665,2.416,0,0.397,22,0.292,11,0.244,19,0.929,3
1305762870197957367,2.668,0,0.246,19,0.195,13,0.438,21,0.731,1
1305764194609352155,2.717,0,0.247,19,0.228,13,0.457,21,0.684,1
1306041215051067535,2.64,0,0.217,19,0.154,13,0.452,21,0.764,1
1306041233447821840,2.489,0,0.271,21,0.115,11,0.427,22,0.914,1
1306048811341918233,2.463,0,0.314,22,0.158,12,0.391,21,0.935,1
1306243357788054049,2.653,0,0.275,22,0.229,13,0.324,20,0.741,2
1306249380244056095,2.667,0,0.287,21,0.226,13,0.401,21,0.728,1
1306274138096981390,2.582,0,0.285,22,0.259,12,0.227,18,0.82,2
1306370957563529743,2.458,0,0.372,24,0.284,11,0.238,19,0.92,2
1306372338389015777,2.634,0,0.215,19,0.147,13,0.451,21,0.77,1
1306389617315785047,2.497,0,0.233,21,0.071,11,0.463,23,0.917,1
1306458252774828087,2.707,0,0.18,23,0.145,12,0.291,20,0.701,2
1306574239207960251,2.769,0,0.256,22,0.267,11,0.443,20,0.633,1
1306750404800476311,2.699,0,0.185,23,0.152,12,0.282,20,0.71,2
1306854554543308924,2.58,0,0.23,19,0.119,12,0.435,21,0.824,1
1306859544303077350,2.768,0,0.282,22,0.245,11,0.471,20,0.63,1
1306860255150533715,2.581,0,0.205,19,0.095,12,0.448,20,0.828,1
1309312515411968346,2.035,0,0.152,50,0.373,21,0.26,11,0.332,4
1311046284925535987,3.236,0,0.1,26,0.071,10,0.12,7,0.233,7
1312812567245126469,2.652,0,0.23,23,0.199,12,0.25,19,0.755,2
1312932716021699125,2.634,0,0.216,19,0.148,13,0.451,21,0.77,1
1315651915525125863,0.274,1,0.221,11,0.209,6,0.846,1,0.952,1
1315651916134063029,0.274,1,0.221,11,0.209,6,0.846,1,0.952,1
1315652015159181079,0.274,1,0.221,11,0.209,6,0.846,1,0.952,1
1315652091047185933,0.274,1,0.221,11,0.209,6,0.846,1,0.952,1
1315652604740497202,3.101,0,0.099,28,0.115,11,0.182,7,0.23,6
1315652610472728110,3.101,0,0.099,28,0.115,11,0.182,7,0.23,6
1315672031100794571,1.708,0,0.234,14,0.509,8,0.237,5,0.488,2
1321722084789469932,0.174,5,0.127,4,0.921,1,2.579,0,0.228,13
1331208941160275555,2.75,0,0.278,44,0.255,12,0.666,5,0.318,4
1331223971253499843,3.379,0,0.125,46,0.226,13,0.098,9,0.281,3
1333081876466895737,3.18,0,0.282,24,0.289,11,0.354,8,0.091,7
1335335017353294696,3.237,0,0.103,50,0.086,13,0.33,5,0.43,3
1335973675275281074,3.231,0,0.257,24,0.242,12,0.295,8,0.135,7
1338131598150897404,1.46,0,0.025,48,0.119,21,0.175,11,0.848,5
1339444586883104498,3.627,0,0.209,8,0.082,6,0.174,3,2.656,0
1340139141658285718,0.234,4,0.215,3,0.261,3,0.281,2,2.994,0
1341701597256289125,2.498,0,0.357,23,0.287,12,0.245,20,0.897,2
1343180658186138318,2.684,0,0.224,19,0.191,13,0.446,21,0.719,1
1343201042844114892,3.588,0,0.083,44,0.448,12,0.337,9,0.777,3
1343206443923719513,3.588,0,0.083,44,0.448,12,0.337,9,0.777,3
1343279650923634953,2.703,0,0.253,20,0.223,13,0.451,21,0.696,1
1343419833722782300,2.58,0,0.316,22,0.281,12,0.255,19,0.818,2
1343446362439764941,2.746,0,0.222,21,0.234,12,0.418,20,0.662,1
1343570517071036051,2.761,0,0.271,22,0.255,11,0.463,20,0.638,1
1343974752354429672,2.497,0,0.244,20,0.085,11,0.457,23,0.912,1
1344014131118367064,2.467,0,0.352,24,0.264,11,0.219,19,0.9,2
1344111998892645325,2.655,0,0.248,19,0.188,13,0.43,21,0.744,1
1344547688385162840,2.616,0,0.194,19,0.116,13,0.436,21,0.793,1
1344575891027257713,2.734,0,0.277,21,0.252,13,0.454,21,0.663,1
1344809682698712822,2.447,0,0.311,21,0.15,11,0.411,22,0.954,1
1344849433741431046,2.648,0,0.279,22,0.234,13,0.323,21,0.745,2
1344894591929119544,2.671,0,0.241,22,0.198,13,0.309,21,0.726,2
1345203308848553425,2.743,0,0.27,23,0.216,13,0.432,19,0.65,1
1345216532468535369,2.616,0,0.21,19,0.129,13,0.451,21,0.79,1
1345891939259136012,2.633,0,0.209,19,0.142,13,0.446,21,0.773,1
1346027236788079433,3.444,0,0.056,48,0.29,12,0.292,7,0.633,3
1346039598045648279,3.526,0,0.063,46,0.364,12,0.339,8,0.687,3
1346354420159732076,3.293,0,0.111,45,0.316,14,0.076,7,0.51,4
1346363354944047426,3.387,0,0.038,45,0.304,13,0.18,7,0.581,3
1348268344518940558,0.543,2,0.118,13,0.165,7,1.127,0,1.283,0
1348338466507742115,0.545,2,0.214,13,0.31,8,1.236,0,1.307,0
1348340856696751817,0.631,2,0.061,13,0.116,9,1.122,0,1.35,0
1348343822357935398,0.459,2,0.207,13,0.122,7,0.987,1,1.169,0
1348345238423635867,0.666,2,0.06,13,0.231,9,1.188,0,1.41,0
1348819398026386604,3.337,0,0.113,24,0.165,10,0.167,7,0.281,6
1351210783305842043,1.27,0,0.129,19,0.749,9,0.319,8,0.244,7
1352873550327051901,3.4,0,0.044,46,0.309,12,0.189,7,0.593,3
1353337130843954987,3.265,0,0.114,26,0.119,10,0.151,7,0.225,7
1354005223820273636,0.432,2,0.228,13,0.194,7,1.054,0,1.172,0
1354847783084731374,3.22,0,0.275,24,0.255,12,0.311,8,0.123,7
1354883996744969920,3.731,0,0.052,8,0.301,7,0.116,3,1.003,0
1355386557880114266,3.731,0,0.052,8,0.301,7,0.116,3,1.003,0
1355419869118053243,3.731,0,0.052,8,0.301,7,0.116,3,1.003,0
1357229015696955203,3.4,0,0.044,46,0.309,12,0.189,7,0.593,3
1357233633468835603,3.4,0,0.044,46,0.309,12,0.189,7,0.593,3
1357259875101674536,3.4,0,0.044,46,0.309,12,0.189,7,0.593,3
1357264239347023858,3.4,0,0.044,46,0.309,12,0.189,7,0.593,3
1358432959206853778,3.168,0,0.14,27,0.05,10,0.143,7,0.221,6
1359148134280726663,2.666,0,0.246,22,0.203,13,0.308,21,0.73,2
1359270466450018804,2.456,0,0.376,22,0.226,12,0.319,21,0.937,2
1359446999908619845,0.092,5,0.109,3,0.077,4,0.171,3,3.183,0
1359514609732043693,2.512,0,0.345,22,0.281,12,0.24,20,0.885,2
1359768974639975588,2.702,0,0.24,19,0.214,13,0.455,21,0.699,1
1359786154595419891,2.602,0,0.277,22,0.252,12,0.235,19,0.801,2
1359864223207987060,2.472,0,0.306,22,0.151,12,0.394,21,0.927,1
1359885009093105801,2.614,0,0.288,22,0.249,12,0.274,19,0.783,2
1359978368464044529,2.712,0,0.217,19,0.207,13,0.428,21,0.694,1
1360002782987306879,2.504,0,0.262,21,0.11,12,0.427,22,0.899,1
1360441929513870368,2.096,0,0.036,63,0.115,22,0.153,23,0.1,7
1360520155928927546,2.669,0,0.252,22,0.207,13,0.32,21,0.727,2
1360701017259711319,2.468,0,0.38,24,0.286,11,0.253,20,0.927,2
1361073234550030022,2.463,0,0.391,22,0.245,12,0.297,20,0.929,2
1361497917977363587,2.478,0,0.279,21,0.121,11,0.425,22,0.925,1
1361524661283778455,2.619,0,0.281,22,0.243,13,0.272,19,0.779,2
1361534795336469399,2.63,0,0.253,22,0.222,12,0.24,19,0.776,2
1361575186810254505,2.771,0,0.279,22,0.225,11,0.466,19,0.624,1
1361584911889184757,2.585,0,0.212,19,0.106,13,0.452,20,0.822,1
1361595974009298578,2.749,0,0.261,22,0.257,12,0.457,20,0.651,1
1364292763458645376,1.915,0,0.049,51,0.316,21,0.132,10,0.456,4
1364944427931632293,1.691,0,0.009,60,0.139,23,0.025,11,0.597,6
1364955339908594565,1.88,0,0.079,60,0.281,22,0.191,14,0.434,6
1364961403416718483,1.894,0,0.114,61,0.283,23,0.225,16,0.398,6
1364968016141187945,1.909,0,0.099,59,0.314,22,0.203,14,0.409,5
1364979098729611742,1.904,0,0.101,60,0.303,23,0.211,14,0.411,6
1365009690444478851,1.87,0,0.018,51,0.256,20,0.083,10,0.517,3
1365016793430726651,1.91,0,0.048,50,0.285,20,0.124,10,0.491,2
1365607146278165007,1.802,0,0.076,63,0.192,23,0.157,16,0.466,7
1365693872009063552,3.264,0,0.09,46,0.207,12,0.153,8,0.256,3
1366350685509540470,1.27,0,0.129,19,0.749,9,0.319,8,0.244,7
1366350937888032120,1.27,0,0.129,19,0.749,9,0.319,8,0.244,7
1366351018779965888,1.27,0,0.129,19,0.749,9,0.319,8,0.244,7
1367128624122045875,3.273,0,0.087,46,0.211,12,0.144,8,0.257,3
1367258114838231197,2.503,0,0.259,20,0.106,12,0.431,22,0.901,1
1367280084661745973,2.705,0,0.278,20,0.241,13,0.432,21,0.691,1
1367352350623885320,2.49,0,0.28,21,0.126,12,0.414,22,0.912,1
1367385386918852056,2.49,0,0.24,21,0.078,11,0.47,23,0.923,1
1367696801318491983,2.665,0,0.286,21,0.224,13,0.401,21,0.73,1
1368429074505250934,1.598,0,0.152,60,0.43,22,0.474,20,0.258,9
1368450537387221528,1.479,0,0.082,49,0.468,20,0.376,19,0.3,8
1368477588279837868,3.107,0,0.14,29,0.096,11,0.182,7,0.242,6
1368584855731737819,0.733,1,0.142,14,0.062,15,0.079,7,0.221,5
1368585875892463786,1.139,0,0.329,12,0.047,16,0.545,12,0.09,6
1368587172214912254,0.945,1,0.039,12,0.136,17,0.545,12,0.234,6
1368587269176073347,0.945,1,0.039,12,0.136,17,0.545,12,0.234,6
1369311964362394287,1.589,0,0.131,59,0.448,21,0.489,20,0.251,9
1370784245919443629,2.224,0,0.493,5,0.52,8,0.447,11,0.93,1
1370784279981960498,2.224,0,0.493,5,0.52,8,0.447,11,0.93,1
1370784368317080436,2.224,0,0.493,5,0.52,8,0.447,11,0.93,1
1370784451327994444,2.224,0,0.493,5,0.52,8,0.447,11,0.93,1
1370784492261658990,2.224,0,0.493,5,0.52,8,0.447,11,0.93,1
1370784560296587005,2.224,0,0.493,5,0.52,8,0.447,11,0.93,1
1370784601548532684,2.224,0,0.493,5,0.52,8,0.447,11,0.93,1
1370784715989062175,2.224,0,0.493,5,0.52,8,0.447,11,0.93,1
1371350738767848404,3.428,0,0.06,46,0.328,12,0.206,7,0.621,3
1371350853718455843,3.428,0,0.06,46,0.328,12,0.206,7,0.621,3
1371361251068733907,1.459,0,0.196,59,0.197,24,0.175,15,0.576,9
1371457308995357360,1.093,0,0.172,36,0.277,18,0.312,8,0.773,1
1371457309165282073,1.093,0,0.172,36,0.277,18,0.312,8,0.773,1
1371468663052929115,1.486,0,0.127,11,0.151,13,0.199,11,0.12,4
1371483156073782484,1.633,0,0.28,14,0.443,8,0.327,5,0.589,2
1371483576343592465,1.633,0,0.28,14,0.443,8,0.327,5,0.589,2
1380884400304985962,2.474,0,0.385,24,0.275,11,0.263,20,0.92,2
1380884417723370929,2.722,0,0.195,23,0.149,13,0.337,20,0.677,2
1380884455747956673,2.657,0,0.241,22,0.202,13,0.281,20,0.744,2
1380884472560143790,2.484,0,0.25,21,0.088,11,0.462,23,0.927,1
1380884526925505437,2.628,0,0.258,22,0.225,12,0.244,19,0.777,2
1380884556282673361,2.533,0,0.222,19,0.076,12,0.46,22,0.877,1
1381310380520420427,2.464,0,0.264,21,0.101,11,0.462,23,0.947,1
1382311297245411252,3.585,0,0.063,43,0.402,12,0.298,9,0.782,3
1382376411379566157,3.585,0,0.063,43,0.402,12,0.298,9,0.782,3
1383835231312995022,3.263,0,0.376,3,3.502,0,3.223,0,2.054,0
1384517015736114901,3.152,0,0.073,51,0.156,12,0.264,7,0.295,3
1384517120290936732,3.152,0,0.073,51,0.156,12,0.264,7,0.295,3
1384517182849252537,3.152,0,0.073,51,0.156,12,0.264,7,0.295,3
1384517254369762689,3.152,0,0.073,51,0.156,12,0.264,7,0.295,3
1384517330327975627,3.152,0,0.073,51,0.156,12,0.265,7,0.295,3
1384517350667720107,3.152,0,0.073,51,0.156,12,0.264,7,0.295,3
1385260149120006056,2.603,0,0.154,51,0.174,13,0.186,17,0.44,7
1385268057402211587,2.603,0,0.154,51,0.174,13,0.186,17,0.44,7
1385270767333358854,2.603,0,0.154,51,0.174,13,0.186,17,0.44,7
1385288150029580253,1.549,0,0.415,7,0.439,2,1.145,0,0.218,1
1385288150259255653,1.549,0,0.415,7,0.439,2,1.145,0,0.218,1
1385288225802763902,1.549,0,0.415,7,0.439,2,1.145,0,0.218,1
1385288232565908597,1.549,0,0.415,7,0.439,2,1.145,0,0.218,1
1387408042593557128,0.229,4,0.216,3,0.232,3,0.286,2,3.028,0
1389533190215593188,1.558,0,0.183,14,0.455,8,0.385,5,0.58,2
1389533380938994137,1.784,0,0.159,15,0.444,9,0.277,5,0.297,2
1389555349122253966,3.123,0,0.032,50,0.116,12,0.298,5,0.345,3
1389555545649167126,3.123,0,0.032,50,0.116,12,0.298,5,0.345,3
1389555577264266082,3.123,0,0.032,50,0.116,12,0.298,5,0.345,3
1389555753330220978,3.123,0,0.032,50,0.116,12,0.298,5,0.345,3
1389719015076838891,2.15,0,0.08,22,0.663,6,0.559,2,0.226,3
1390345756341834102,2.073,0,0.177,20,0.612,8,0.436,3,0.111,3
1390353923592624142,2.073,0,0.177,20,0.612,8,0.436,3,0.111,3
1390398593776950959,2.073,0,0.177,20,0.612,8,0.436,3,0.111,3
1392148613575129474,2.575,0,0.285,22,0.255,12,0.223,18,0.827,2
1392148686970639468,2.571,0,0.306,22,0.274,12,0.239,18,0.828,2
1392148704106506499,2.435,0,0.414,23,0.276,11,0.276,19,0.959,2
1392148773251865672,2.643,0,0.265,22,0.224,13,0.294,20,0.753,2
1392148789827415746,2.431,0,0.401,22,0.248,12,0.308,19,0.962,2
1392149550331600019,2.457,0,0.284,21,0.122,11,0.439,22,0.949,1
1392151577179266942,2.664,0,0.253,19,0.198,13,0.429,21,0.734,1
1392151662629487231,2.572,0,0.191,19,0.072,12,0.433,21,0.842,1
1392151717752643368,2.481,0,0.383,23,0.273,11,0.264,20,0.914,2
1392151868622174176,2.685,0,0.279,20,0.23,13,0.418,21,0.711,1
1392153297395968123,2.446,0,0.372,22,0.219,11,0.331,21,0.947,1
1392153315037867973,2.637,0,0.249,22,0.216,13,0.249,19,0.768,2
1392153331661690368,2.701,0,0.207,19,0.193,13,0.423,21,0.707,1
1392153345386236146,2.426,0,0.413,22,0.286,11,0.27,19,0.954,2
1392153359825575807,2.649,0,0.286,22,0.24,13,0.334,21,0.744,2
1392153374407651931,2.68,0,0.248,19,0.204,13,0.442,21,0.719,1
1393815845515717275,3.145,0,0.204,24,0.259,10,0.181,25,0.563,1
1393816015853819977,3.145,0,0.204,24,0.259,10,0.181,25,0.563,1
1393816157690439133,3.145,0,0.204,24,0.259,10,0.181,25,0.563,1
1393841562329056067,3.26,0,0.077,26,0.079,10,0.105,7,0.255,7
1394011011271066873,1.087,0,0.189,11,0.242,11,0.1,7,1.419,0
1394011202184529982,1.087,0,0.189,11,0.242,11,0.1,7,1.419,0
1394663161241144864,1.446,0,0.137,53,0.381,21,0.463,17,0.352,8
1394666324163765911,1.446,0,0.137,53,0.381,21,0.463,17,0.352,8
1394668105843170013,1.547,0,0.055,52,0.477,22,0.419,20,0.244,8
1394672684089862075,1.448,0,0.029,48,0.496,19,0.329,18,0.28,9
1394674779172785540,1.446,0,0.137,53,0.381,21,0.463,17,0.352,8
1394676781618687980,1.446,0,0.137,53,0.381,21,0.463,17,0.352,8
1394685914976279457,2.103,0,0.01,62,0.098,21,0.142,25,0.192,9
1394703026056897458,0.601,2,0.099,13,0.19,9,0.748,1,1.629,0
1394718168318325975,2.04,0,0.092,69,0.066,23,0.212,24,0.16,8
1394718303985146727,2.04,0,0.093,69,0.066,23,0.212,24,0.161,8
1394729670288507976,0.592,1,0.044,12,0.285,9,0.655,1,1.701,0
1394730017816587571,0.592,1,0.044,12,0.285,9,0.655,1,1.701,0
1394950639340453150,0.638,2,0.08,13,0.142,9,0.799,1,1.57,0
1394962519754001306,0.769,2,0.177,14,0.182,11,0.858,1,1.442,0
1394978222407595971,1.226,0,0.075,34,0.204,18,0.435,8,0.928,1
1394978222532285405,1.226,0,0.075,34,0.204,18,0.435,8,0.928,1
1394994397924631223,0.534,1,0.08,11,0.331,9,0.627,1,1.774,0
1394994398033820132,0.534,1,0.08,11,0.331,9,0.627,1,1.774,0
1394994541926381500,0.534,1,0.08,11,0.331,9,0.627,1,1.774,0
1395266638965542022,0.697,2,0.093,15,0.232,12,0.868,3,1.284,0
1395290908470644662,0.661,2,0.108,14,0.118,11,0.969,1,1.309,0
1395356257809757923,0.539,1,0.083,12,0.287,9,0.666,1,1.737,0
1395356463499026620,0.539,1,0.082,12,0.287,9,0.666,1,1.737,0
1395368597999498098,1.486,0,0.126,43,0.607,17,0.215,17,0.171,9
1395368831543178081,1.486,0,0.126,43,0.607,17,0.215,17,0.171,9
1395380707145055435,0.288,2,0.2,3,0.559,3,1.515,0,1.131,0
1395549728335595026,2.128,0,0.158,44,0.409,20,0.342,10,0.305,2
1395554513685532459,2.048,0,0.186,43,0.403,19,0.265,10,0.42,2
1396044501273984023,2.483,0,0.24,21,0.077,11,0.468,23,0.932,1
1396044532206420809,2.68,0,0.199,19,0.173,13,0.424,21,0.728,1
1396044548891688230,2.609,0,0.29,22,0.252,12,0.267,19,0.789,2
1396044564624327572,2.655,0,0.213,19,0.162,13,0.444,21,0.75,1
1396044734916549085,2.66,0,0.225,23,0.192,12,0.26,20,0.746,2
1396044756452122365,2.463,0,0.271,21,0.108,11,0.452,23,0.946,1
1396044810040567529,2.708,0,0.207,19,0.198,13,0.421,21,0.7,1
1396044823884819892,2.477,0,0.352,23,0.27,11,0.226,20,0.905,2
1396044837231024263,2.665,0,0.25,22,0.206,13,0.311,21,0.731,2
1399036097376331536,2.489,0,0.015,23,0.076,12,0.212,4,0.026,6
1399039581103428109,2.289,0,0.028,26,0.196,13,0.455,2,0.037,6
1399039655627705224,2.289,0,0.028,26,0.196,13,0.455,2,0.037,6
1399039657808453221,2.289,0,0.028,26,0.196,13,0.455,2,0.037,6
1399039731157764974,2.289,0,0.028,26,0.196,13,0.455,2,0.037,6
1399039929126626824,3.626,0,0.048,16,0.095,8,0.398,7,0.542,4
1399039929165447230,3.626,0,0.048,16,0.095,8,0.398,7,0.542,4
1399040006353335994,3.626,0,0.048,16,0.095,8,0.398,7,0.542,4
1399040013280931908,3.626,0,0.048,16,0.095,8,0.398,7,0.542,4
1399907300112192633,2.737,0,0.377,24,0.415,11,0.458,7,0.636,6
1399935510733567753,2.6,0,0.347,25,0.318,10,0.592,6,0.618,6
1399959549412763631,2.831,0,0.33,19,0.367,10,0.346,6,0.695,5
1399978938884748165,2.598,0,0.35,25,0.324,10,0.597,6,0.611,6
1400368904972209814,2.452,0,0.398,24,0.279,11,0.265,20,0.942,2
1400368922117711229,2.455,0,0.296,21,0.134,11,0.425,22,0.949,1
1400368938510623415,2.695,0,0.224,22,0.178,13,0.327,21,0.702,2
1400368955811311990,2.648,0,0.243,22,0.207,13,0.266,19,0.754,2
1400369442098912574,2.489,0,0.357,23,0.282,11,0.239,20,0.908,2
1400369457892465786,2.637,0,0.22,19,0.154,13,0.449,21,0.766,1
1400369488724886214,2.73,0,0.167,23,0.126,12,0.319,20,0.676,2
1400369512502657848,2.451,0,0.41,23,0.262,12,0.283,20,0.943,2
1400369529487210815,2.677,0,0.259,22,0.211,13,0.342,20,0.716,2
1400369544428124610,2.572,0,0.225,19,0.109,12,0.441,21,0.833,1
1400369559177788799,2.498,0,0.37,22,0.231,13,0.304,20,0.894,2
1400369768072606413,2.508,0,0.339,21,0.201,12,0.335,21,0.885,1
1400369781767830177,2.479,0,0.286,21,0.13,12,0.414,22,0.923,1
1400369795776805538,2.481,0,0.257,21,0.096,11,0.454,23,0.929,1
1400369815888770879,2.499,0,0.325,23,0.251,11,0.209,18,0.883,2
1400369834047706549,2.678,0,0.297,21,0.246,13,0.385,20,0.716,2
1400369850481107762,2.614,0,0.199,19,0.119,13,0.441,21,0.794,1
1401346342058998558,2.737,0,0.377,24,0.415,11,0.458,7,0.636,6
1402622842631621136,2.649,0,0.26,22,0.218,13,0.295,21,0.748,2
1402623405222181237,2.47,0,0.392,23,0.271,11,0.268,20,0.924,2
1402623650535755432,2.687,0,0.239,19,0.203,13,0.453,21,0.714,1
1402623668297016289,2.697,0,0.235,19,0.207,13,0.453,21,0.705,1
1402623752574309196,2.703,0,0.221,19,0.203,13,0.436,21,0.701,1
1402623804425957068,2.42,0,0.416,22,0.262,12,0.299,19,0.973,2
1402623818409748476,2.7,0,0.226,19,0.204,13,0.442,21,0.703,1
1402735213391572725,2.875,0,0.232,23,0.334,12,0.323,24,0.574,1
1402897181881999755,3.179,0,0.276,8,0.169,8,0.208,5,0.903,1
1404164019871078326,2.854,0,0.471,16,0.26,10,0.248,33,1.422,0
1404164020176375966,2.854,0,0.471,16,0.26,10,0.248,33,1.422,0
1404164546821747540,2.854,0,0.471,16,0.26,10,0.248,33,1.422,0
1404164817754866938,2.854,0,0.471,16,0.26,10,0.248,33,1.421,0
1404164960836087577,2.854,0,0.471,16,0.26,10,0.248,33,1.421,0
1404212655217156981,2.346,0,0.194,6,1.078,0,1.357,0,1.522,0
1404212786714670802,2.345,0,0.194,6,1.078,0,1.357,0,1.522,0
1404212794431018897,2.346,0,0.194,6,1.078,0,1.357,0,1.522,0
1404212937957258747,2.345,0,0.194,6,1.078,0,1.357,0,1.522,0
1404284633276992951,2.224,0,0.493,5,0.52,8,0.447,11,0.93,1
1404298663888384322,1.63,0,0.278,14,0.445,8,0.328,5,0.589,2
1405142115018181574,2.767,0,0.252,23,0.197,11,0.44,19,0.626,2
1405570804202731514,0.733,1,0.141,14,0.062,15,0.079,7,0.221,5
1406133547004489962,3.046,0,0.195,28,0.197,14,0.29,8,0.134,6
1408653669287741319,2.307,0,0.14,6,1.012,0,1.283,0,1.596,0
1409888809573843758,2.737,0,0.377,24,0.415,11,0.458,7,0.636,6
1409905718849895859,2.536,0,0.253,19,0.116,12,0.42,21,0.866,1
1409905831443136176,2.571,0,0.213,19,0.095,12,0.454,21,0.837,1
1409906057356459410,2.485,0,0.245,21,0.083,11,0.467,23,0.927,1
1409906222467767597,2.744,0,0.257,23,0.203,13,0.421,19,0.649,2
1409906272118300788,2.709,0,0.235,19,0.215,13,0.447,21,0.693,1
1409906289055001421,2.779,0,0.249,21,0.27,11,0.429,20,0.626,1
1409908805145531459,2.822,0,0.33,18,0.352,8,0.336,5,0.748,5
1409909599605889825,2.77,0,0.284,22,0.229,11,0.468,19,0.626,1
1409910367925046648,2.411,0,0.427,21,0.286,11,0.279,19,0.964,2
1409922268645313212,2.499,0,0.252,20,0.095,11,0.445,22,0.908,1
1409922302741653302,2.749,0,0.275,22,0.252,12,0.468,20,0.649,1
1410671734871935233,2.562,0,0.225,19,0.101,12,0.443,21,0.844,1
1410671744753449258,2.646,0,0.241,23,0.207,13,0.255,19,0.759,2
1410689414253722688,2.754,0,0.266,22,0.261,12,0.46,20,0.645,1
1410689430283525316,2.524,0,0.345,22,0.214,13,0.322,21,0.869,2
1410701913162295182,2.557,0,0.224,19,0.096,12,0.446,21,0.85,1
1410701926605057359,2.569,0,0.228,19,0.11,12,0.438,21,0.835,1
1410701935160798073,2.674,0,0.25,22,0.205,13,0.326,21,0.721,2
1410702694370038999,2.755,0,0.269,22,0.258,12,0.463,20,0.644,1
1414498614019286612,2.667,0,0.376,23,0.309,10,0.505,6,0.71,5
1415167344973942853,2.791,0,0.362,19,0.375,9,0.367,5,0.752,5
1416685264303922091,2.742,0,0.366,24,0.425,11,0.453,7,0.625,6
1416694608722701168,2.869,0,0.253,24,0.31,12,0.329,7,0.528,7
1416707128264825703,2.829,0,0.326,18,0.356,10,0.337,5,0.722,5
1416723400282459966,2.671,0,0.371,26,0.445,12,0.523,7,0.571,6
1416735228073078822,2.833,0,0.328,19,0.365,10,0.344,6,0.694,5
1416742382892729894,2.691,0,0.331,27,0.485,12,0.504,7,0.522,6
1416754295641369881,2.834,0,0.326,19,0.364,10,0.342,6,0.696,5
1416837362114502276,2.668,0,0.239,19,0.19,13,0.443,21,0.732,1
1416837630051745563,2.611,0,0.271,22,0.242,12,0.236,19,0.793,2
1416837637162501414,2.433,0,0.382,22,0.227,11,0.33,21,0.961,1
1416837969286248307,2.602,0,0.297,22,0.259,12,0.266,19,0.795,2
1416838032552083367,2.67,0,0.265,20,0.211,13,0.421,21,0.727,1
1416838042874822114,2.469,0,0.392,24,0.272,11,0.267,20,0.925,2
1416838905060987970,2.665,0,0.261,22,0.215,13,0.325,20,0.73,2
1416838953943004621,2.463,0,0.367,22,0.218,12,0.325,21,0.93,1
1416840545282198828,2.624,0,0.287,22,0.245,13,0.292,19,0.771,2
1417166590585085067,1.239,0,0.041,36,0.149,18,0.404,8,0.891,1
1417918126204327052,1.322,0,0.101,46,0.082,19,0.278,8,0.889,3
1418834375005907172,2.727,0,0.221,19,0.22,13,0.426,21,0.679,1
1418840534190307514,2.653,0,0.263,20,0.199,13,0.415,21,0.744,1
1418846351958440916,2.686,0,0.262,20,0.219,13,0.433,21,0.711,1
1418851841834887365,2.418,0,0.423,22,0.269,12,0.293,19,0.975,2
1418857163748940205,2.518,0,0.234,20,0.082,11,0.454,22,0.891,1
1418861896474825524,2.47,0,0.383,24,0.281,11,0.258,20,0.925,2
1418867174753684561,2.479,0,0.37,23,0.288,11,0.249,20,0.916,2
1418871456058121803,2.654,0,0.276,22,0.23,13,0.327,21,0.74,2
1418875558127560968,2.713,0,0.234,19,0.217,13,0.445,21,0.69,1
1422215104467222024,3.017,0,0.169,43,0.247,13,0.351,6,0.214,4
1423643687021033482,2.737,0,0.376,24,0.416,11,0.458,7,0.635,6
1424249889302183139,2.604,0,0.06,28,0.091,7,0.043,6,0.526,2
1424250061326942515,2.604,0,0.06,28,0.091,7,0.043,6,0.526,2
1424250184455481838,2.604,0,0.06,28,0.091,7,0.043,6,0.526,2
1424250311253500784,2.604,0,0.06,28,0.091,7,0.043,6,0.526,2
1424250328367064627,2.604,0,0.06,28,0.091,7,0.043,6,0.526,2
1424428701819422499,1.927,0,0.086,41,0.273,20,0.268,9,0.651,2
1424428859217478768,1.927,0,0.086,41,0.273,20,0.268,9,0.651,2
1424429010859475839,1.927,0,0.086,41,0.273,20,0.268,9,0.651,2
1424448202864398361,1.432,0,0.114,56,0.305,23,0.417,15,0.406,8
1424448535540415363,1.432,0,0.114,56,0.305,23,0.417,15,0.406,8
1424448868665846220,1.432,0,0.114,56,0.305,23,0.417,15,0.406,8
1424449449682044691,1.432,0,0.114,56,0.305,23,0.417,15,0.406,8
1424449755563942631,1.432,0,0.114,56,0.305,23,0.417,15,0.406,8
1424451479378425413,2.381,0,0.053,59,0.14,16,0.136,23,0.196,7
1424451649677359299,2.381,0,0.053,59,0.14,16,0.136,23,0.196,7
1424451993987500487,2.381,0,0.053,59,0.14,16,0.136,23,0.196,7
1424452524803607575,2.381,0,0.053,59,0.14,16,0.136,23,0.196,7
1424452540373293477,2.381,0,0.053,59,0.14,16,0.136,23,0.196,7
1424453240122424899,2.748,0,0.075,47,0.194,18,0.064,26,0.451,7
1424453410413643540,2.748,0,0.075,47,0.194,18,0.064,26,0.451,7
1424453733537150565,2.748,0,0.075,47,0.194,18,0.064,26,0.451,7
1424453896291727850,2.748,0,0.075,47,0.194,18,0.064,26,0.451,7
1425148666145769141,0.382,3,0.258,4,1.454,0,2.216,0,0.196,12
1425190803665246013,1.735,0,0.362,15,0.383,8,0.267,5,0.575,2
1425850105736531154,2.587,0,0.303,22,0.27,12,0.248,18,0.812,2
1425859886450862222,2.656,0,0.242,22,0.203,13,0.28,20,0.745,2
1425869806039287535,2.672,0,0.233,22,0.191,13,0.3,20,0.726,2
1425945341014242579,1.549,0,0.414,7,0.292,2,1.232,0,0.073,1
1426006783645356445,2.626,0,0.203,19,0.131,13,0.442,21,0.781,1
1426012867560768936,2.681,0,0.278,20,0.227,13,0.417,21,0.714,1
1426024511725718345,2.674,0,0.229,22,0.188,13,0.298,20,0.725,2
1426031585133491230,2.515,0,0.371,22,0.266,12,0.27,20,0.879,2
1426038347190089848,2.651,0,0.231,23,0.2,12,0.249,19,0.756,2
1426560931919627515,2.513,0,0.322,23,0.255,11,0.214,18,0.884,2
1426599867114331921,2.58,0,0.304,22,0.277,12,0.244,18,0.819,2
1426606297178971826,2.482,0,0.376,23,0.28,11,0.257,20,0.913,2
1426614939438407815,2.623,0,0.216,19,0.139,13,0.449,21,0.782,1
1426629047767337878,2.661,0,0.232,23,0.195,13,0.275,20,0.741,2
1426635538811001368,2.459,0,0.37,24,0.281,11,0.236,19,0.917,2
1426641672195864918,2.759,0,0.244,21,0.254,11,0.435,20,0.645,1
1426652696166505695,2.635,0,0.227,19,0.158,13,0.441,21,0.767,1
1426678158162327809,1.629,0,0.389,8,0.551,2,1.024,0,0.335,1
1426711164922860265,2.684,0,0.283,21,0.233,13,0.414,21,0.711,1
1426721534212908207,2.561,0,0.232,19,0.109,12,0.435,21,0.844,1
1427058872148210776,2.648,0,0.248,22,0.21,13,0.273,19,0.753,2
1427085518647834146,2.628,0,0.268,22,0.231,13,0.268,19,0.771,2
1427097570520340078,2.659,0,0.223,23,0.192,12,0.252,19,0.749,2
1427103146004160543,2.708,0,0.187,23,0.148,12,0.302,20,0.697,2
1427402123872945345,1.659,0,0.315,9,0.459,2,1.041,0,0.251,1
1429414387092626138,2.814,0,0.34,18,0.366,9,0.348,5,0.735,5
1429429611284443054,1.139,0,0.127,36,0.242,18,0.358,8,0.814,1
1429430926777806945,2.856,0,0.317,25,0.342,12,0.341,7,0.595,6
1430481507363441021,1.063,0,0.21,36,0.23,18,0.253,8,0.698,1
1430492482373707758,1.063,0,0.21,36,0.23,18,0.253,8,0.698,1
1430501637577930327,1.063,0,0.21,36,0.23,18,0.253,8,0.698,1
1430778817396297658,1.239,0,0.041,36,0.149,18,0.404,8,0.891,1
1430784800417314095,1.378,0,0.121,36,0.156,19,0.302,8,1.055,0
1430858754525398893,1.239,0,0.041,36,0.149,18,0.404,8,0.891,1
1430865086193483530,1.239,0,0.041,36,0.149,18,0.404,8,0.891,1
1430875027214089077,1.239,0,0.041,36,0.149,18,0.404,8,0.891,1
1430992511231233316,3.426,0,0.114,46,0.163,11,0.298,9,0.391,3
1430996581582926108,3.426,0,0.114,46,0.163,11,0.298,9,0.391,3
1430998684168143065,3.426,0,0.114,46,0.163,11,0.298,9,0.391,3
1431791012566723702,2.737,0,0.377,24,0.415,11,0.458,7,0.636,6
1435436798531615565,2.582,0,0.304,29,0.264,11,0.59,6,0.653,5
1435481170766922808,2.628,0,0.409,27,0.423,12,0.566,7,0.548,6
1435498739153769105,2.794,0,0.264,26,0.379,12,0.399,7,0.517,6
1435501207714217743,2.86,0,0.318,22,0.357,11,0.345,7,0.642,6
1435503782998461141,2.625,0,0.359,25,0.317,10,0.562,6,0.646,5
1435506379283528748,2.619,0,0.328,24,0.271,9,0.549,6,0.688,5
1435508276632037244,2.607,0,0.316,24,0.26,9,0.559,6,0.686,5
1435511229949562056,2.66,0,0.382,26,0.436,12,0.533,7,0.573,6
1436731706276503316,2.381,0,0.127,60,0.156,20,0.111,31,0.272,9
1440459312316583288,2.761,0,0.397,21,0.37,10,0.409,6,0.721,5
1441995337754637806,3.159,0,0.102,49,0.089,14,0.345,6,0.351,3
1441996799077335406,3.159,0,0.102,49,0.089,14,0.345,6,0.351,3
1441997864837330267,3.158,0,0.102,49,0.089,14,0.344,6,0.35,3
1441999300977090092,3.158,0,0.102,49,0.089,14,0.344,6,0.35,3
1442001028026359476,3.159,0,0.102,49,0.089,14,0.345,6,0.351,3
1444516778044940580,0.515,1,0.279,10,0.207,7,0.786,1,1.228,0
1444523827569902033,0.644,1,0.247,11,0.289,7,0.886,1,1.054,0
1444547568409718047,0.579,1,0.34,11,0.3,9,0.691,2,1.143,0
1449345947252383766,2.503,0,0.114,29,0.152,7,0.26,6,0.449,2
1449362431787038446,2.568,0,0.153,32,0.083,7,0.209,6,0.419,2
1451262371051824176,2.603,0,0.154,51,0.174,13,0.186,17,0.439,7
1453652427627211407,3.192,0,0.033,48,0.296,13,0.193,8,0.117,3
1454846206172103024,3.194,0,0.41,4,0.339,2,0.974,1,1.057,0
1454885867603099496,3.173,0,0.412,3,0.358,2,0.995,1,1.043,0
1454894973142599893,3.173,0,0.407,3,0.359,2,0.99,1,1.048,0
1462823694871478687,2.462,0,0.245,20,0.102,11,0.054,13,0.738,3
1462834422858790539,2.462,0,0.245,20,0.102,11,0.054,13,0.738,3
1462838261247305625,2.557,0,0.136,23,0.058,12,0.106,6,0.585,3
1463662556790464966,2.456,0,0.355,22,0.202,12,0.345,21,0.938,1
1467936474358101537,1.623,0,0.066,38,0.176,21,0.423,8,0.856,1
1467945448979879180,1.623,0,0.066,38,0.176,21,0.423,8,0.856,1
1467950257888380632,1.623,0,0.066,38,0.176,21,0.423,8,0.856,1
1467952164715050190,1.623,0,0.066,38,0.176,21,0.423,8,0.856,1
1470060596734778022,2.767,0,0.252,23,0.197,11,0.44,19,0.626,2
1472984114652915855,2.767,0,0.252,23,0.197,11,0.44,19,0.626,2
1472987864020236781,2.767,0,0.252,23,0.197,11,0.44,19,0.626,2
1472990906858898417,2.767,0,0.252,23,0.197,11,0.44,19,0.626,2
1473745746266510347,1.761,0,0.385,15,0.372,9,0.259,5,0.576,2
1480442085196385740,2.943,0,0.224,20,0.352,12,0.26,24,0.561,1
1482336060835379615,2.145,0,0.026,21,0.648,7,0.622,2,0.294,4
1482344493186290992,2.393,0,0.004,28,0.083,13,0.345,4,0.076,6
1482348552454729497,2.539,0,0.015,54,0.239,14,0.291,21,0.349,6
1482350301412095431,3.711,0,0.005,8,0.277,7,0.072,3,1.0,0
1482625474739238932,2.609,0,0.333,25,0.289,9,0.568,6,0.658,5
1483118131026140324,1.005,0,0.257,36,0.171,19,0.193,8,0.647,1
1484750558546581098,1.452,0,0.985,1,0.374,2,0.378,2,1.434,0
1484757313421784884,1.597,0,1.047,0,0.224,2,0.509,2,1.294,0
1489940511653564615,2.69,0,0.28,20,0.234,13,0.42,21,0.705,1
1490916585435130337,3.578,0,0.029,42,0.372,12,0.278,9,0.78,3
1490981728850858299,0.463,1,0.242,11,0.123,7,0.88,1,1.235,0
1491160897709764359,1.119,0,0.056,41,0.118,16,0.357,10,0.506,6
1491161461423699555,1.119,0,0.056,41,0.118,16,0.357,10,0.506,6
1491162043816775904,1.119,0,0.056,41,0.118,16,0.357,10,0.506,6
1491703106286080215,3.163,0,0.1,48,0.257,12,0.255,7,0.195,3
1492058548716686634,2.737,0,0.377,24,0.415,11,0.458,7,0.636,6
1493301652450529466,2.696,0,0.029,48,0.197,18,0.034,27,0.504,8
1493321103157082188,2.696,0,0.029,48,0.197,18,0.034,27,0.504,8
1493598328098570210,2.464,0,0.298,21,0.139,11,0.413,22,0.938,1
1494887320601867335,2.698,0,0.276,20,0.236,13,0.429,21,0.697,1
1497502910779552587,2.606,0,0.236,19,0.145,13,0.428,21,0.795,1
1497632717747861839,0.081,1,0.041,4,0.432,2,1.674,0,1.324,0
1497759355112905740,2.418,0,0.361,22,0.247,11,0.199,17,0.884,3
1498893172134420576,3.786,0,0.138,42,0.526,9,0.286,7,0.732,3
1498933086425839983,2.972,0,0.576,16,0.382,9,0.372,33,1.447,0
1499023233541585869,2.627,0,0.352,25,0.305,10,0.553,6,0.662,5
1500645955797566035,3.158,0,0.102,49,0.089,14,0.344,6,0.35,3
1500649381397097761,3.158,0,0.102,49,0.089,14,0.344,6,0.35,3
1505574249366146089,0.874,1,0.049,12,0.058,18,0.461,12,0.247,6
1506342191962439734,1.071,0,0.756,3,0.586,2,1.533,0,0.535,2
1507287508101064285,0.953,2,0.9,1,0.715,3,1.678,0,0.633,2
1507605851736796869,0.983,1,0.878,3,0.685,3,1.656,0,0.603,2
1511369769577036852,2.48,0,0.095,48,0.146,17,0.124,30,0.216,8
1511424834671115693,2.306,0,0.143,49,0.3,16,0.125,28,0.416,7
1511449671909596086,3.735,0,0.049,7,0.295,7,0.11,3,0.998,1
1512097070503206292,0.854,1,0.246,13,0.105,14,0.224,7,0.12,5
1512117785906207805,0.719,1,0.135,14,0.067,15,0.081,7,0.247,5
1512931777755801247,0.604,1,0.374,12,0.266,8,0.767,1,1.179,0
1512947567862866359,2.748,0,0.075,47,0.194,18,0.064,26,0.451,7
1512947581595017656,2.748,0,0.075,47,0.194,18,0.064,26,0.451,7
1512947802280280075,2.748,0,0.075,47,0.194,18,0.064,26,0.451,7
1513075651004479756,3.585,0,0.047,42,0.385,12,0.292,9,0.785,3
1516621496295994717,2.24,0,0.494,5,0.395,8,0.398,11,0.809,1
1517031869355239094,0.604,1,0.374,12,0.266,8,0.767,1,1.179,0
1517064583213705389,2.336,0,0.033,47,0.178,20,0.155,17,0.063,3
1517064583533093041,2.336,0,0.033,47,0.178,20,0.155,17,0.063,3
1517064729158707374,2.336,0,0.033,47,0.178,20,0.155,17,0.063,3
1517064857784708944,2.336,0,0.033,47,0.178,20,0.155,17,0.063,3
1517849971813819572,3.659,0,0.239,8,0.198,7,0.181,3,2.643,0
1517866689870381620,1.99,0,0.142,19,0.532,12,0.414,4,0.14,3
1517872918551641085,2.044,0,0.082,20,0.553,8,0.552,2,0.246,4
1517875650522335553,2.036,0,0.085,20,0.543,7,0.563,2,0.261,4
1517884183424884729,2.082,0,0.042,21,0.588,8,0.578,2,0.261,4
1517967627823141719,3.659,0,0.239,8,0.198,7,0.181,3,2.643,0
1521405956894185758,0.604,1,0.374,12,0.266,8,0.767,1,1.179,0
1521415661955704800,0.604,1,0.374,12,0.266,8,0.767,1,1.179,0
1523537343908804726,0.604,1,0.374,12,0.266,8,0.767,1,1.179,0
1526636899101939497,1.591,0,0.063,56,0.502,22,0.434,22,0.207,9
1531690581068543806,2.683,0,0.18,24,0.175,13,0.23,17,0.745,2
1531714746744908217,1.647,0,0.077,60,0.477,22,0.37,24,0.14,9
1532322628325546095,1.671,0,0.186,49,0.114,23,0.102,11,0.701,3
1532436330889546987,1.495,0,0.154,40,0.648,16,0.172,16,0.128,8
1533008271128704744,1.636,0,0.079,59,0.48,19,0.332,23,0.144,8
1534543078476584940,0.214,1,0.134,3,0.53,2,1.601,0,1.222,0
1534559365660466350,0.214,1,0.134,3,0.53,2,1.601,0,1.222,0
1535398173405517533,1.667,0,0.082,56,0.45,19,0.288,22,0.126,8
1536768613848761439,1.511,0,0.346,13,0.403,8,0.397,5,0.714,2
1536921248835062578,1.65,0,0.085,59,0.466,19,0.33,23,0.129,8
1537608742036293495,1.666,0,0.079,56,0.451,19,0.287,22,0.127,8
1537653418477359082,1.558,0,0.137,47,0.571,16,0.215,21,0.201,9
1537674106390806989,2.68,0,0.226,22,0.184,13,0.304,20,0.719,2
1538139298550271472,2.779,0,0.202,25,0.147,11,0.413,20,0.615,2
1538757210402956826,2.687,0,0.219,23,0.177,13,0.308,20,0.712,2
1541013400883939658,3.63,0,0.103,44,0.473,11,0.379,9,0.788,4
1541091076697146167,3.377,0,0.048,45,0.363,14,0.1,7,0.587,3
1542129621184731442,0.75,1,0.178,14,0.021,15,0.125,7,0.091,5
1542583565744082369,2.379,0,0.011,53,0.214,17,0.133,30,0.314,8
1542583565854316128,2.379,0,0.011,53,0.214,17,0.133,30,0.314,8
1542584740775656461,1.492,0,0.056,54,0.056,22,0.08,11,0.771,8
1542585035410028293,1.492,0,0.056,54,0.056,22,0.08,11,0.771,8
1542588530212288486,2.788,0,0.075,44,0.072,11,0.583,6,0.223,4
1542588682964513938,2.788,0,0.075,44,0.072,11,0.583,6,0.223,4
1542588689453889321,2.788,0,0.075,44,0.072,11,0.583,6,0.223,4
1547714567647792925,2.058,0,0.012,58,0.208,16,0.148,26,0.233,8
1550664522540846801,3.223,0,0.302,5,0.393,4,0.799,1,1.235,0
1552640016154280934,2.086,0,0.017,62,0.08,21,0.16,25,0.193,9
1553226078140236894,2.087,0,0.015,62,0.081,21,0.159,25,0.194,9
1553240809949789089,2.087,0,0.016,62,0.081,21,0.159,25,0.193,9
1553261387400120338,2.087,0,0.013,62,0.082,21,0.158,25,0.196,9
1553276429863649662,2.086,0,0.015,62,0.081,21,0.159,25,0.196,9
1553317498142160787,2.086,0,0.015,62,0.081,21,0.159,25,0.195,9
1558506444236408680,3.64,0,0.118,8,0.277,6,0.114,2,1.024,0
1561570192641136062,2.203,0,0.473,5,0.503,8,0.427,11,0.915,1
1566423732988001652,0.707,1,0.432,5,0.203,8,0.565,1,3.345,0
1567052836706283503,3.072,0,0.127,49,0.221,12,0.359,7,0.234,3
1567053653078601743,3.072,0,0.127,49,0.221,12,0.359,7,0.234,3
1567055345395614222,3.072,0,0.127,49,0.221,12,0.359,7,0.234,3
1567759945424911752,2.841,0,0.538,1,0.075,4,0.119,4,0.227,6
1567950110613817647,2.618,0,0.347,25,0.305,10,0.565,6,0.651,5
1569708549659853687,3.007,0,0.1,47,0.052,12,0.439,5,0.267,4
1570401247683928052,3.227,0,0.092,50,0.075,13,0.34,5,0.421,3
1571716572722387868,2.682,0,0.72,1,0.14,4,0.133,4,0.313,7
1571773702690886324,3.147,0,0.159,46,0.198,13,0.258,6,0.34,3
1572198465560342731,0.604,1,0.374,12,0.266,8,0.767,1,1.179,0
1572203310071938994,0.604,1,0.374,12,0.266,8,0.767,1,1.179,0
1572962816530901322,1.063,0,0.21,36,0.231,18,0.254,8,0.698,1
1573301212827660658,2.607,0,0.067,28,0.074,7,0.024,6,0.541,2
1574815961888380969,2.632,0,0.291,10,0.244,9,0.253,22,1.417,0
1576481539950851536,2.372,0,0.043,52,0.239,17,0.106,30,0.327,8
1578214555492046682,2.455,0,0.083,51,0.145,17,0.14,30,0.238,9
1579093117428067489,2.478,0,0.364,23,0.285,11,0.241,20,0.918,2
1581129173551495593,2.814,0,0.108,47,0.327,19,0.23,29,0.326,4
1581551112688403430,3.399,0,0.011,45,0.342,13,0.15,7,0.6,3
1581696269832107352,2.646,0,0.207,19,0.151,13,0.442,21,0.76,1
1581696284973991921,2.671,0,0.237,22,0.195,13,0.304,20,0.727,2
1581696304486491289,2.465,0,0.367,24,0.281,11,0.236,19,0.917,2
1581696325067664684,2.482,0,0.359,23,0.281,11,0.237,20,0.914,2
1581696337879791507,2.675,0,0.26,20,0.21,13,0.428,21,0.723,1
1582001024686327834,2.308,0,0.035,10,0.034,9,0.048,21,1.226,0
1582084875093322831,2.573,0,0.209,19,0.093,12,0.452,22,0.836,1
1582084907419729981,2.669,0,0.251,22,0.206,13,0.318,21,0.727,2
1582084929646706858,2.504,0,0.323,23,0.252,11,0.21,18,0.882,2
1582085104908788630,2.595,0,0.298,22,0.263,12,0.248,18,0.805,2
1582085284966102959,2.613,0,0.275,22,0.241,12,0.243,19,0.79,2
1582085324534604995,2.491,0,0.37,22,0.28,12,0.255,20,0.904,2
1582089801135670185,2.668,0,0.238,22,0.196,13,0.299,20,0.73,2
1582089813381183439,2.756,0,0.268,22,0.213,12,0.442,19,0.638,1
1582089843380405457,2.533,0,0.224,19,0.078,12,0.457,22,0.877,1
1582089860879284358,2.702,0,0.213,19,0.197,13,0.429,21,0.704,1
1582089878216308613,2.459,0,0.399,24,0.272,11,0.27,20,0.935,2
1582916467225663427,2.44,0,0.068,51,0.162,17,0.129,30,0.253,8
1584561350096269679,2.2,0,0.109,62,0.082,18,0.167,31,0.07,9
1584578093525009364,2.159,0,0.101,57,0.054,18,0.018,29,0.17,9
1584602379309576986,1.96,0,0.06,67,0.175,19,0.229,29,0.193,9
1584619376896792134,2.149,0,0.109,62,0.032,20,0.193,31,0.04,9
1584630997025560445,1.973,0,0.071,67,0.162,20,0.22,29,0.189,9
1584646447686417575,2.037,0,0.155,62,0.099,20,0.22,30,0.129,9
1584656711449949046,2.237,0,0.066,57,0.072,19,0.087,29,0.123,10
1584884816180810966,2.402,0,0.06,10,0.074,9,0.035,22,1.273,0
1585276216512069111,2.012,0,0.103,65,0.124,20,0.19,31,0.15,9
1586317118754162683,2.507,0,0.188,10,0.102,9,0.16,20,1.238,0
1586566834626357400,2.129,0,0.081,64,0.009,20,0.157,31,0.032,9
1586578195797269307,2.129,0,0.081,64,0.009,20,0.157,31,0.032,9
1586582366339012502,2.129,0,0.081,64,0.009,20,0.157,31,0.032,9
1586586471919424306,2.129,0,0.081,64,0.009,20,0.157,31,0.032,9
1586589945088184206,2.129,0,0.081,64,0.009,20,0.157,31,0.032,9
1587336986241825284,3.321,0,0.115,49,0.219,13,0.22,5,0.511,3
1587343397510419556,3.441,0,0.046,48,0.294,12,0.276,7,0.629,3
1587839189775191265,2.478,0,0.345,23,0.262,11,0.218,19,0.897,2
1587839594454569592,2.539,0,0.261,20,0.128,12,0.41,21,0.861,1
1587839607718327021,2.643,0,0.246,22,0.211,13,0.26,19,0.76,2
1587839623362915744,2.549,0,0.243,19,0.112,12,0.427,21,0.854,1
1600061301756797397,1.948,0,0.434,6,0.223,1,1.091,0,1.154,0
1600581877977621337,2.913,0,0.514,1,0.041,4,0.123,4,0.3,4
1603421270799141867,1.808,0,0.029,57,0.248,22,0.089,11,0.52,5
1603438335919003268,1.808,0,0.029,57,0.248,22,0.089,11,0.52,5
1604151326456512662,2.877,0,0.034,34,0.097,15,0.398,18,0.586,2
1604337365921596569,2.585,0,0.288,13,0.103,10,0.047,30,1.608,0
1604757868403731964,1.531,0,0.115,43,0.62,15,0.146,15,0.122,8
1604847783603376888,1.531,0,0.115,43,0.62,15,0.146,15,0.122,8
1604854366846668939,1.531,0,0.115,43,0.62,15,0.146,15,0.122,8
1604862203444571796,1.531,0,0.115,43,0.62,15,0.146,15,0.122,8
1604870589096291554,1.531,0,0.115,43,0.62,15,0.146,15,0.122,8
1604875133455906970,1.531,0,0.115,43,0.62,15,0.146,15,0.122,8
1606860684917033757,2.578,0,0.071,3,1.21,0,0.793,2,0.708,2
1613705797058379624,2.59,0,0.11,3,1.29,0,0.721,2,0.627,2
1616446810431066266,2.729,0,0.182,2,1.358,0,0.58,2,0.509,2
1616490347533166155,2.782,0,0.135,2,1.296,0,0.718,1,0.679,2
1616547799943766631,2.722,0,0.1,2,1.221,0,0.787,2,0.737,2
1618254394248582541,2.743,0,0.62,1,0.135,4,0.132,4,0.216,8
1618483756297502821,1.547,0,0.159,10,0.125,13,0.4,11,0.261,4
1621095060765650183,3.345,0,0.068,43,0.299,14,0.037,8,0.574,3
1623783122242406950,1.357,0,0.494,5,0.311,7,0.271,2,1.695,0
1628815095202093148,2.506,0,0.103,48,0.143,17,0.127,29,0.194,7
1628858984982704585,1.531,0,0.115,43,0.62,15,0.146,15,0.122,8
1629444878120249002,3.671,0,0.193,7,0.24,6,0.162,2,0.975,1
1629471340585613042,3.739,0,0.069,8,0.31,7,0.131,3,1.004,0
1629544389785204300,3.767,0,0.138,6,0.151,7,0.08,2,0.898,1
1629550608123471826,3.689,0,0.048,8,0.251,7,0.048,3,0.994,1
1629556743769807659,3.689,0,0.048,8,0.251,7,0.048,3,0.994,1
1640220549607538148,2.523,0,0.125,29,0.12,7,0.229,6,0.448,2
1647110678873424876,2.756,0,0.397,19,0.348,9,0.403,5,0.756,5
1649020265845365472,3.692,0,0.154,7,0.218,6,0.119,2,0.961,1
1649678287629188857,3.787,0,0.12,6,0.152,7,0.061,3,0.891,1
1649840752622414747,3.101,0,0.053,48,0.221,12,0.312,9,0.06,3
1651763487975052523,1.753,0,0.327,4,0.252,6,1.679,0,3.996,0
1652518462967552376,3.305,0,0.099,46,0.324,14,0.076,8,0.52,4
1652862504749036550,3.267,0,0.206,40,0.422,14,0.464,24,0.175,2
1653462364236692434,3.108,0,0.029,49,0.101,13,0.318,5,0.369,3
1653466623759823975,2.99,0,0.132,49,0.141,11,0.422,7,0.232,3
1653467969999987762,3.143,0,0.048,47,0.309,12,0.251,7,0.135,3
1653469497662253357,3.028,0,0.102,49,0.18,11,0.382,7,0.206,3
1655204872752750356,2.828,0,0.071,28,0.123,12,0.068,7,0.058,6
1655550367434724140,2.734,0,0.421,21,0.337,9,0.429,6,0.748,5
1655905047814970095,2.949,0,0.031,28,0.24,12,0.156,7,0.081,6
1658079969610064054,2.715,0,0.042,27,0.063,12,0.06,7,0.127,6
1658081889228152590,2.964,0,0.063,28,0.244,11,0.148,7,0.088,6
1658085930556712053,2.954,0,0.045,28,0.236,11,0.145,7,0.074,6
1660638949537378356,2.175,0,0.124,61,0.111,20,0.211,30,0.115,9
1660656962283392614,1.989,0,0.07,64,0.149,19,0.188,30,0.18,9
1661955554868560343,2.884,0,0.26,2,0.203,1,1.583,0,0.274,2
1662824629633788882,2.852,0,0.281,24,0.332,12,0.343,7,0.556,7
1663386674212732173,3.46,0,0.014,45,0.328,12,0.258,8,0.65,3
1664416292408971289,3.297,0,0.1,46,0.321,14,0.092,6,0.508,3
1664838628306144866,3.683,0,0.183,7,0.227,6,0.149,2,0.965,1
1664875494206910165,3.516,0,0.301,9,0.416,5,0.334,2,1.12,0
1665651126119907704,2.129,0,0.038,63,0.071,19,0.095,31,0.068,9
1665713823442366077,3.674,0,0.188,7,0.236,6,0.156,2,0.973,1
1665727901335885126,3.558,0,0.147,8,0.372,6,0.179,2,1.119,0
1667024853476027945,2.44,0,0.068,51,0.162,17,0.129,30,0.253,8
1668695909757376326,2.505,0,0.284,22,0.137,12,0.399,21,0.894,1
1668695923679632608,2.485,0,0.32,23,0.235,11,0.191,17,0.869,3
1675112657924647281,0.353,2,0.292,8,0.306,6,0.315,2,0.889,1
1675861355047671580,0.327,3,0.354,9,0.332,7,0.349,2,0.825,1
1678808130493321930,1.993,0,0.113,65,0.14,19,0.232,30,0.169,9
1679321633918197757,2.787,0,0.644,1,0.036,4,0.029,4,0.314,7
1679488887663697526,2.157,0,0.131,60,0.12,20,0.202,30,0.129,9
1683346474792748210,1.725,0,0.203,14,0.554,9,0.218,5,0.445,2
1686012342539342454,3.566,0,0.135,8,0.371,7,0.172,2,1.116,0
1686056340197239369,0.229,4,0.216,3,0.232,3,0.286,2,3.028,0
1686733206629062593,0.17,1,0.166,9,0.442,5,1.066,0,1.655,0
1689710454014718953,0.281,1,0.301,3,0.242,5,0.377,1,1.771,0
1689761361811772554,0.038,1,0.673,4,0.489,5,0.642,3,0.92,1
1691615421519822872,0.267,3,0.348,9,0.375,7,0.39,2,0.895,1
1694221504544701899,1.588,0,0.389,13,0.345,8,0.317,5,0.704,2
1705224086935055648,3.175,0,0.142,45,0.225,13,0.217,6,0.373,3
1706049774301695338,2.082,0,0.097,16,0.702,9,0.257,4,0.098,3
1706907426644459511,3.087,0,0.084,48,0.213,12,0.338,9,0.09,3
1710200387154775651,3.096,0,0.057,48,0.222,12,0.318,9,0.064,3
1710217322520842323,3.096,0,0.058,48,0.222,12,0.319,9,0.064,3
1710223393982141743,3.096,0,0.057,48,0.222,12,0.318,9,0.064,3
1710233116365661996,3.096,0,0.057,48,0.222,12,0.318,9,0.064,3
1710243230968471825,3.096,0,0.057,48,0.222,12,0.318,9,0.064,3
1710248829582712470,3.096,0,0.057,48,0.222,12,0.318,9,0.064,3
1710255878191691057,3.096,0,0.057,48,0.222,12,0.318,9,0.064,3
1710264983556360555,3.096,0,0.057,48,0.222,12,0.318,9,0.064,3
1710272846609411039,3.096,0,0.057,48,0.222,12,0.318,9,0.064,3
1710972939136868601,3.096,0,0.057,48,0.222,12,0.318,9,0.064,3
1711010251922019609,3.096,0,0.057,48,0.222,12,0.318,9,0.064,3
1711027355184000217,3.096,0,0.057,48,0.222,12,0.318,9,0.064,3
1711228023592695662,3.096,0,0.057,48,0.222,12,0.318,9,0.064,3
1711612902494045555,1.776,0,0.488,6,0.265,12,0.61,1,0.699,1
1712320668769807976,1.63,0,0.278,14,0.445,8,0.329,5,0.589,2
1712326596739619101,1.558,0,0.412,13,0.338,8,0.31,5,0.74,2
1713625446283432986,2.128,0,0.045,63,0.057,20,0.11,31,0.057,9
1716722756663260064,0.217,3,0.414,13,0.245,5,0.195,2,1.339,0
1716744066210561744,1.636,0,0.166,49,0.122,23,0.117,11,0.72,4
1716780295103411147,1.636,0,0.166,49,0.122,23,0.118,11,0.72,4
1716864183173166040,2.036,0,0.152,50,0.37,21,0.261,11,0.331,4
1716877869359547646,2.036,0,0.152,50,0.37,21,0.261,11,0.331,4
